{
  "config_path": "/Users/svenhockers/Desktop/project/topology-and-robustness-in-DNNs/out/tabular/baseline/base_e_0.3/configs/trials/trial_000002.json",
  "dataset_name": "TABULAR",
  "metrics_adv": {
    "accuracy": 0.873015873015873,
    "confusion_matrix": [
      [
        109,
        1
      ],
      [
        15,
        1
      ]
    ],
    "f1": 0.1111111111111111,
    "fpr": [
      0.0,
      0.00909090909090909,
      0.00909090909090909,
      0.05454545454545454,
      0.05454545454545454,
      0.1,
      0.1,
      0.18181818181818182,
      0.18181818181818182,
      0.6909090909090909,
      0.6909090909090909,
      0.7636363636363637,
      0.7636363636363637,
      0.8545454545454545,
      0.8545454545454545,
      0.8727272727272727,
      0.8727272727272727,
      0.9090909090909091,
      0.9090909090909091,
      0.9272727272727272,
      0.9272727272727272,
      0.9636363636363636,
      0.9636363636363636,
      1.0,
      1.0
    ],
    "fpr_at_tpr95": 1.0,
    "pr_auc": 0.3524641558896052,
    "pr_precision": [
      0.12698412698412698,
      0.12,
      0.12096774193548387,
      0.12195121951219512,
      0.12295081967213115,
      0.12396694214876033,
      0.11666666666666667,
      0.11764705882352941,
      0.11864406779661017,
      0.11965811965811966,
      0.1206896551724138,
      0.11304347826086956,
      0.11403508771929824,
      0.11504424778761062,
      0.10714285714285714,
      0.10810810810810811,
      0.10909090909090909,
      0.11009174311926606,
      0.1111111111111111,
      0.102803738317757,
      0.10377358490566038,
      0.10476190476190476,
      0.09615384615384616,
      0.0970873786407767,
      0.09803921568627451,
      0.09900990099009901,
      0.1,
      0.10101010101010101,
      0.10204081632653061,
      0.10309278350515463,
      0.10416666666666667,
      0.10526315789473684,
      0.10638297872340426,
      0.0967741935483871,
      0.09782608695652174,
      0.0989010989010989,
      0.1,
      0.10112359550561797,
      0.10227272727272728,
      0.10344827586206896,
      0.10465116279069768,
      0.10588235294117647,
      0.09523809523809523,
      0.0963855421686747,
      0.0975609756097561,
      0.09876543209876543,
      0.1,
      0.10126582278481013,
      0.10256410256410256,
      0.1038961038961039,
      0.10526315789473684,
      0.10666666666666667,
      0.10810810810810811,
      0.1095890410958904,
      0.1111111111111111,
      0.11267605633802817,
      0.11428571428571428,
      0.11594202898550725,
      0.11764705882352941,
      0.11940298507462686,
      0.12121212121212122,
      0.12307692307692308,
      0.125,
      0.12698412698412698,
      0.12903225806451613,
      0.13114754098360656,
      0.13333333333333333,
      0.13559322033898305,
      0.13793103448275862,
      0.14035087719298245,
      0.14285714285714285,
      0.14545454545454545,
      0.14814814814814814,
      0.1509433962264151,
      0.15384615384615385,
      0.1568627450980392,
      0.16,
      0.16326530612244897,
      0.16666666666666666,
      0.1702127659574468,
      0.17391304347826086,
      0.17777777777777778,
      0.18181818181818182,
      0.18604651162790697,
      0.19047619047619047,
      0.1951219512195122,
      0.2,
      0.20512820512820512,
      0.21052631578947367,
      0.21621621621621623,
      0.2222222222222222,
      0.22857142857142856,
      0.23529411764705882,
      0.24242424242424243,
      0.25,
      0.25806451612903225,
      0.26666666666666666,
      0.27586206896551724,
      0.2857142857142857,
      0.25925925925925924,
      0.2692307692307692,
      0.28,
      0.2916666666666667,
      0.30434782608695654,
      0.3181818181818182,
      0.3333333333333333,
      0.35,
      0.3684210526315789,
      0.3888888888888889,
      0.35294117647058826,
      0.375,
      0.4,
      0.42857142857142855,
      0.46153846153846156,
      0.5,
      0.45454545454545453,
      0.5,
      0.5555555555555556,
      0.625,
      0.7142857142857143,
      0.8333333333333334,
      0.8,
      0.75,
      0.6666666666666666,
      0.5,
      0.0,
      1.0
    ],
    "pr_recall": [
      1.0,
      0.9375,
      0.9375,
      0.9375,
      0.9375,
      0.9375,
      0.875,
      0.875,
      0.875,
      0.875,
      0.875,
      0.8125,
      0.8125,
      0.8125,
      0.75,
      0.75,
      0.75,
      0.75,
      0.75,
      0.6875,
      0.6875,
      0.6875,
      0.625,
      0.625,
      0.625,
      0.625,
      0.625,
      0.625,
      0.625,
      0.625,
      0.625,
      0.625,
      0.625,
      0.5625,
      0.5625,
      0.5625,
      0.5625,
      0.5625,
      0.5625,
      0.5625,
      0.5625,
      0.5625,
      0.5,
      0.5,
      0.5,
      0.5,
      0.5,
      0.5,
      0.5,
      0.5,
      0.5,
      0.5,
      0.5,
      0.5,
      0.5,
      0.5,
      0.5,
      0.5,
      0.5,
      0.5,
      0.5,
      0.5,
      0.5,
      0.5,
      0.5,
      0.5,
      0.5,
      0.5,
      0.5,
      0.5,
      0.5,
      0.5,
      0.5,
      0.5,
      0.5,
      0.5,
      0.5,
      0.5,
      0.5,
      0.5,
      0.5,
      0.5,
      0.5,
      0.5,
      0.5,
      0.5,
      0.5,
      0.5,
      0.5,
      0.5,
      0.5,
      0.5,
      0.5,
      0.5,
      0.5,
      0.5,
      0.5,
      0.5,
      0.5,
      0.4375,
      0.4375,
      0.4375,
      0.4375,
      0.4375,
      0.4375,
      0.4375,
      0.4375,
      0.4375,
      0.4375,
      0.375,
      0.375,
      0.375,
      0.375,
      0.375,
      0.375,
      0.3125,
      0.3125,
      0.3125,
      0.3125,
      0.3125,
      0.3125,
      0.25,
      0.1875,
      0.125,
      0.0625,
      0.0,
      0.0
    ],