{
  "config_path": "/Users/svenhockers/Desktop/project/topology-and-robustness-in-DNNs/out/tabular/baseline/base_e_0.3/configs/trials/trial_000003.json",
  "dataset_name": "TABULAR",
  "metrics_adv": {
    "accuracy": 0.7698412698412699,
    "confusion_matrix": [
      [
        93,
        17
      ],
      [
        12,
        4
      ]
    ],
    "f1": 0.2162162162162162,
    "fpr": [
      0.0,
      0.00909090909090909,
      0.03636363636363636,
      0.03636363636363636,
      0.05454545454545454,
      0.05454545454545454,
      0.06363636363636363,
      0.06363636363636363,
      0.17272727272727273,
      0.17272727272727273,
      0.2636363636363636,
      0.2636363636363636,
      0.2818181818181818,
      0.2818181818181818,
      0.34545454545454546,
      0.34545454545454546,
      0.41818181818181815,
      0.41818181818181815,
      0.5909090909090909,
      0.5909090909090909,
      0.6454545454545455,
      0.6454545454545455,
      0.7181818181818181,
      0.7181818181818181,
      0.9363636363636364,
      0.9363636363636364,
      0.9727272727272728,
      0.9727272727272728,
      1.0,
      1.0
    ],
    "fpr_at_tpr95": 1.0,
    "pr_auc": 0.18830216918699053,
    "pr_precision": [
      0.12698412698412698,
      0.12,
      0.12096774193548387,
      0.12195121951219512,
      0.12295081967213115,
      0.11570247933884298,
      0.11666666666666667,
      0.11764705882352941,
      0.11864406779661017,
      0.11965811965811966,
      0.11206896551724138,
      0.10434782608695652,
      0.10526315789473684,
      0.10619469026548672,
      0.10714285714285714,
      0.10810810810810811,
      0.10909090909090909,
      0.11009174311926606,
      0.1111111111111111,
      0.11214953271028037,
      0.11320754716981132,
      0.11428571428571428,
      0.11538461538461539,
      0.11650485436893204,
      0.11764705882352941,
      0.1188118811881188,
      0.12,
      0.12121212121212122,
      0.12244897959183673,
      0.12371134020618557,
      0.125,
      0.12631578947368421,
      0.1276595744680851,
      0.12903225806451613,
      0.13043478260869565,
      0.13186813186813187,
      0.12222222222222222,
      0.12359550561797752,
      0.125,
      0.12643678160919541,
      0.12790697674418605,
      0.12941176470588237,
      0.13095238095238096,
      0.13253012048192772,
      0.13414634146341464,
      0.12345679012345678,
      0.125,
      0.12658227848101267,
      0.1282051282051282,
      0.12987012987012986,
      0.13157894736842105,
      0.13333333333333333,
      0.12162162162162163,
      0.1232876712328767,
      0.125,
      0.1267605633802817,
      0.12857142857142856,
      0.13043478260869565,
      0.1323529411764706,
      0.13432835820895522,
      0.13636363636363635,
      0.13846153846153847,
      0.140625,
      0.14285714285714285,
      0.14516129032258066,
      0.14754098360655737,
      0.15,
      0.15254237288135594,
      0.15517241379310345,
      0.15789473684210525,
      0.16071428571428573,
      0.16363636363636364,
      0.14814814814814814,
      0.1509433962264151,
      0.15384615384615385,
      0.1568627450980392,
      0.16,
      0.16326530612244897,
      0.16666666666666666,
      0.1702127659574468,
      0.17391304347826086,
      0.15555555555555556,
      0.1590909090909091,
      0.16279069767441862,
      0.16666666666666666,
      0.17073170731707318,
      0.175,
      0.1794871794871795,
      0.18421052631578946,
      0.16216216216216217,
      0.16666666666666666,
      0.17142857142857143,
      0.14705882352941177,
      0.15151515151515152,
      0.15625,
      0.16129032258064516,
      0.16666666666666666,
      0.1724137931034483,
      0.17857142857142858,
      0.18518518518518517,
      0.19230769230769232,
      0.2,
      0.20833333333333334,
      0.17391304347826086,
      0.18181818181818182,
      0.19047619047619047,
      0.2,
      0.21052631578947367,
      0.2222222222222222,
      0.23529411764705882,
      0.25,
      0.26666666666666666,
      0.2857142857142857,
      0.3076923076923077,
      0.3333333333333333,
      0.36363636363636365,
      0.3,
      0.3333333333333333,
      0.25,
      0.2857142857142857,
      0.3333333333333333,
      0.2,
      0.0,
      0.0,
      0.0,
      0.0,
      1.0
    ],
    "pr_recall": [
      1.0,
      0.9375,
      0.9375,
      0.9375,
      0.9375,
      0.875,
      0.875,
      0.875,
      0.875,
      0.875,
      0.8125,
      0.75,
      0.75,
      0.75,
      0.75,
      0.75,
      0.75,
      0.75,
      0.75,
      0.75,
      0.75,
      0.75,
      0.75,
      0.75,
      0.75,
      0.75,
      0.75,
      0.75,
      0.75,
      0.75,
      0.75,
      0.75,
      0.75,
      0.75,
      0.75,
      0.75,
      0.6875,
      0.6875,
      0.6875,
      0.6875,
      0.6875,
      0.6875,
      0.6875,
      0.6875,
      0.6875,
      0.625,
      0.625,
      0.625,
      0.625,
      0.625,
      0.625,
      0.625,
      0.5625,
      0.5625,
      0.5625,
      0.5625,
      0.5625,
      0.5625,
      0.5625,
      0.5625,
      0.5625,
      0.5625,
      0.5625,
      0.5625,
      0.5625,
      0.5625,
      0.5625,
      0.5625,
      0.5625,
      0.5625,
      0.5625,
      0.5625,
      0.5,
      0.5,
      0.5,
      0.5,
      0.5,
      0.5,
      0.5,
      0.5,
      0.5,
      0.4375,
      0.4375,
      0.4375,
      0.4375,
      0.4375,
      0.4375,
      0.4375,
      0.4375,
      0.375,
      0.375,
      0.375,
      0.3125,
      0.3125,
      0.3125,
      0.3125,
      0.3125,
      0.3125,
      0.3125,
      0.3125,
      0.3125,
      0.3125,
      0.3125,
      0.25,
      0.25,
      0.25,
      0.25,
      0.25,
      0.25,
      0.25,
      0.25,
      0.25,
      0.25,
      0.25,
      0.25,
      0.25,
      0.1875,
      0.1875,
      0.125,
      0.125,
      0.125,
      0.0625,
      0.0,
      0.0,
      0.0,
      0.0,
      0.0
    ],