{
  "config_path": "/Users/svenhockers/Desktop/project/topology-and-robustness-in-DNNs/out/tabular/base_e_0.1/configs/trials/trial_000006.json",
  "dataset_name": "TABULAR",
  "metrics_adv": {
    "accuracy": 0.905982905982906,
    "confusion_matrix": [
      [
        106,
        4
      ],
      [
        7,
        0
      ]
    ],
    "f1": 0.0,
    "fpr": [
      0.0,
      0.00909090909090909,
      0.34545454545454546,
      0.34545454545454546,
      0.8090909090909091,
      0.8090909090909091,
      0.990909090909091,
      0.990909090909091,
      1.0,
      1.0
    ],
    "fpr_at_tpr95": 1.0,
    "pr_auc": 0.03795223056980036,
    "pr_precision": [
      0.05982905982905983,
      0.05172413793103448,
      0.05217391304347826,
      0.043859649122807015,
      0.035398230088495575,
      0.026785714285714284,
      0.018018018018018018,
      0.01818181818181818,
      0.01834862385321101,
      0.018518518518518517,
      0.018691588785046728,
      0.018867924528301886,
      0.01904761904761905,
      0.019230769230769232,
      0.019417475728155338,
      0.0196078431372549,
      0.019801980198019802,
      0.02,
      0.020202020202020204,
      0.02040816326530612,
      0.020618556701030927,
      0.020833333333333332,
      0.021052631578947368,
      0.02127659574468085,
      0.021505376344086023,
      0.021739130434782608,
      0.02197802197802198,
      0.011111111111111112,
      0.011235955056179775,
      0.011363636363636364,
      0.011494252873563218,
      0.011627906976744186,
      0.011764705882352941,
      0.011904761904761904,
      0.012048192771084338,
      0.012195121951219513,
      0.012345679012345678,
      0.0125,
      0.012658227848101266,
      0.01282051282051282,
      0.012987012987012988,
      0.013157894736842105,
      0.013333333333333334,
      0.013513513513513514,
      0.0136986301369863,
      0.013888888888888888,
      0.014084507042253521,
      0.014285714285714285,
      0.014492753623188406,
      0.014705882352941176,
      0.014925373134328358,
      0.015151515151515152,
      0.015384615384615385,
      0.015625,
      0.015873015873015872,
      0.016129032258064516,
      0.01639344262295082,
      0.016666666666666666,
      0.01694915254237288,
      0.017241379310344827,
      0.017543859649122806,
      0.017857142857142856,
      0.01818181818181818,
      0.018518518518518517,
      0.018867924528301886,
      0.019230769230769232,
      0.0196078431372549,
      0.02,
      0.02040816326530612,
      0.020833333333333332,
      0.02127659574468085,
      0.021739130434782608,
      0.022222222222222223,
      0.022727272727272728,
      0.023255813953488372,
      0.023809523809523808,
      0.024390243902439025,
      0.025,
      0.02564102564102564,
      0.0,
      0.0,
      0.0,
      0.0,
      0.0,
      0.0,
      0.0,
      0.0,
      0.0,
      0.0,
      0.0,
      0.0,
      0.0,
      0.0,
      0.0,
      0.0,
      0.0,
      0.0,
      0.0,
      0.0,
      0.0,
      0.0,
      0.0,
      0.0,
      0.0,
      0.0,
      0.0,
      0.0,
      0.0,
      0.0,
      0.0,
      0.0,
      0.0,
      0.0,
      0.0,
      0.0,
      0.0,
      0.0,
      1.0
    ],
    "pr_recall": [
      1.0,
      0.8571428571428571,
      0.8571428571428571,
      0.7142857142857143,
      0.5714285714285714,
      0.42857142857142855,
      0.2857142857142857,
      0.2857142857142857,
      0.2857142857142857,
      0.2857142857142857,
      0.2857142857142857,
      0.2857142857142857,
      0.2857142857142857,
      0.2857142857142857,
      0.2857142857142857,
      0.2857142857142857,
      0.2857142857142857,
      0.2857142857142857,
      0.2857142857142857,
      0.2857142857142857,
      0.2857142857142857,
      0.2857142857142857,
      0.2857142857142857,
      0.2857142857142857,
      0.2857142857142857,
      0.2857142857142857,
      0.2857142857142857,
      0.14285714285714285,
      0.14285714285714285,
      0.14285714285714285,
      0.14285714285714285,
      0.14285714285714285,
      0.14285714285714285,
      0.14285714285714285,
      0.14285714285714285,
      0.14285714285714285,
      0.14285714285714285,
      0.14285714285714285,
      0.14285714285714285,
      0.14285714285714285,
      0.14285714285714285,
      0.14285714285714285,
      0.14285714285714285,
      0.14285714285714285,
      0.14285714285714285,
      0.14285714285714285,
      0.14285714285714285,
      0.14285714285714285,
      0.14285714285714285,
      0.14285714285714285,
      0.14285714285714285,
      0.14285714285714285,
      0.14285714285714285,
      0.14285714285714285,
      0.14285714285714285,
      0.14285714285714285,
      0.14285714285714285,
      0.14285714285714285,
      0.14285714285714285,
      0.14285714285714285,
      0.14285714285714285,
      0.14285714285714285,
      0.14285714285714285,
      0.14285714285714285,
      0.14285714285714285,
      0.14285714285714285,
      0.14285714285714285,
      0.14285714285714285,
      0.14285714285714285,
      0.14285714285714285,
      0.14285714285714285,
      0.14285714285714285,
      0.14285714285714285,
      0.14285714285714285,
      0.14285714285714285,
      0.14285714285714285,
      0.14285714285714285,
      0.14285714285714285,
      0.14285714285714285,
      0.0,
      0.0,
      0.0,
      0.0,
      0.0,
      0.0,
      0.0,
      0.0,
      0.0,
      0.0,
      0.0,
      0.0,
      0.0,
      0.0,
      0.0,
      0.0,
      0.0,
      0.0,
      0.0,
      0.0,
      0.0,
      0.0,
      0.0,
      0.0,
      0.0,
      0.0,
      0.0,
      0.0,
      0.0,
      0.0,
      0.0,
      0.0,
      0.0,
      0.0,
      0.0,
      0.0,
      0.0,
      0.0,
      0.0
    ],