{
  "config_path": "/Users/svenhockers/Desktop/project/topology-and-robustness-in-DNNs/out/topology_only/base_torus_one_hole_e_0.1/configs/trials/trial_000007.json",
  "dataset_name": "VECTOR",
  "metrics_adv": {
    "accuracy": 0.8739837398373984,
    "confusion_matrix": [
      [
        213,
        27
      ],
      [
        4,
        2
      ]
    ],
    "f1": 0.1142857142857143,
    "fpr": [
      0.0,
      0.004166666666666667,
      0.004166666666666667,
      0.1125,
      0.1125,
      0.15833333333333333,
      0.15833333333333333,
      0.38333333333333336,
      0.38333333333333336,
      0.5291666666666667,
      0.5291666666666667,
      0.7291666666666666,
      0.7291666666666666,
      1.0
    ],
    "fpr_at_tpr95": 0.7291666666666666,
    "pr_auc": 0.12580514579414487,
    "pr_precision": [
      0.024390243902439025,
      0.024489795918367346,
      0.02459016393442623,
      0.024691358024691357,
      0.024793388429752067,
      0.024896265560165973,
      0.025,
      0.02510460251046025,
      0.025210084033613446,
      0.02531645569620253,
      0.025423728813559324,
      0.02553191489361702,
      0.02564102564102564,
      0.02575107296137339,
      0.02586206896551724,
      0.025974025974025976,
      0.02608695652173913,
      0.026200873362445413,
      0.02631578947368421,
      0.02643171806167401,
      0.02654867256637168,
      0.02666666666666667,
      0.026785714285714284,
      0.026905829596412557,
      0.02702702702702703,
      0.027149321266968326,
      0.02727272727272727,
      0.0273972602739726,
      0.027522935779816515,
      0.027649769585253458,
      0.027777777777777776,
      0.027906976744186046,
      0.028037383177570093,
      0.028169014084507043,
      0.02830188679245283,
      0.02843601895734597,
      0.02857142857142857,
      0.028708133971291867,
      0.028846153846153848,
      0.028985507246376812,
      0.02912621359223301,
      0.02926829268292683,
      0.029411764705882353,
      0.029556650246305417,
      0.0297029702970297,
      0.029850746268656716,
      0.03,
      0.03015075376884422,
      0.030303030303030304,
      0.030456852791878174,
      0.030612244897959183,
      0.03076923076923077,
      0.030927835051546393,
      0.031088082901554404,
      0.03125,
      0.031413612565445025,
      0.031578947368421054,
      0.031746031746031744,
      0.031914893617021274,
      0.03208556149732621,
      0.03225806451612903,
      0.032432432432432434,
      0.03260869565217391,
      0.03278688524590164,
      0.03296703296703297,
      0.03314917127071823,
      0.027777777777777776,
      0.027932960893854747,
      0.028089887640449437,
      0.02824858757062147,
      0.028409090909090908,
      0.02857142857142857,
      0.028735632183908046,
      0.028901734104046242,
      0.029069767441860465,
      0.029239766081871343,
      0.029411764705882353,
      0.029585798816568046,
      0.02976190476190476,
      0.029940119760479042,
      0.030120481927710843,
      0.030303030303030304,
      0.03048780487804878,
      0.03067484662576687,
      0.030864197530864196,
      0.031055900621118012,
      0.03125,
      0.031446540880503145,
      0.03164556962025317,
      0.03184713375796178,
      0.03205128205128205,
      0.03225806451612903,
      0.032467532467532464,
      0.032679738562091505,
      0.03289473684210526,
      0.033112582781456956,
      0.03333333333333333,
      0.03355704697986577,
      0.033783783783783786,
      0.034013605442176874,
      0.03424657534246575,
      0.034482758620689655,
      0.034722222222222224,
      0.03496503496503497,
      0.035211267605633804,
      0.03546099290780142,
      0.03571428571428571,
      0.03597122302158273,
      0.036231884057971016,
      0.0364963503649635,
      0.03676470588235294,
      0.037037037037037035,
      0.03731343283582089,
      0.03759398496240601,
      0.03787878787878788,
      0.030534351145038167,
      0.03076923076923077,
      0.031007751937984496,
      0.03125,
      0.031496062992125984,
      0.031746031746031744,
      0.032,
      0.03225806451612903,
      0.032520325203252036,
      0.03278688524590164,
      0.03305785123966942,
      0.03333333333333333,
      0.03361344537815126,
      0.03389830508474576,
      0.03418803418803419,
      0.034482758620689655,
      0.034782608695652174,
      0.03508771929824561,
      0.035398230088495575,
      0.03571428571428571,
      0.036036036036036036,
      0.03636363636363636,
      0.03669724770642202,
      0.037037037037037035,
      0.037383177570093455,
      0.03773584905660377,
      0.0380952380952381,
      0.038461538461538464,
      0.038834951456310676,
      0.0392156862745098,
      0.039603960396039604,
      0.04,
      0.04040404040404041,
      0.04081632653061224,
      0.041237113402061855,
      0.041666666666666664,
      0.031578947368421054,
      0.031914893617021274,
      0.03225806451612903,
      0.03260869565217391,
      0.03296703296703297,
      0.03333333333333333,
      0.033707865168539325,
      0.03409090909090909,
      0.034482758620689655,
      0.03488372093023256,
      0.03529411764705882,
      0.03571428571428571,
      0.03614457831325301,
      0.036585365853658534,
      0.037037037037037035,
      0.0375,
      0.0379746835443038,
      0.038461538461538464,
      0.03896103896103896,
      0.039473684210526314,
      0.04,
      0.04054054054054054,
      0.0410958904109589,
      0.041666666666666664,
      0.04225352112676056,
      0.04285714285714286,
      0.043478260869565216,
      0.04411764705882353,
      0.04477611940298507,
      0.045454545454545456,
      0.046153846153846156,
      0.046875,
      0.047619047619047616,
      0.04838709677419355,
      0.04918032786885246,
      0.05,
      0.05084745762711865,
      0.05172413793103448,
      0.05263157894736842,
      0.05357142857142857,
      0.05454545454545454,
      0.05555555555555555,
      0.05660377358490566,
      0.057692307692307696,
      0.058823529411764705,
      0.06,
      0.061224489795918366,
      0.0625,
      0.06382978723404255,
      0.06521739130434782,
      0.06666666666666667,
      0.06818181818181818,
      0.06976744186046512,
      0.07142857142857142,
      0.07317073170731707,
      0.05,
      0.05128205128205128,
      0.05263157894736842,
      0.05405405405405406,
      0.05555555555555555,
      0.05714285714285714,
      0.058823529411764705,
      0.06060606060606061,
      0.0625,
      0.06451612903225806,
      0.06666666666666667,
      0.06896551724137931,
      0.03571428571428571,
      0.037037037037037035,
      0.038461538461538464,
      0.04,
      0.041666666666666664,
      0.043478260869565216,
      0.045454545454545456,
      0.047619047619047616,
      0.05,
      0.05263157894736842,
      0.05555555555555555,
      0.058823529411764705,
      0.0625,
      0.06666666666666667,
      0.07142857142857142,
      0.07692307692307693,
      0.08333333333333333,
      0.09090909090909091,
      0.1,
      0.1111111111111111,
      0.125,
      0.14285714285714285,
      0.16666666666666666,
      0.2,
      0.25,
      0.3333333333333333,
      0.5,
      0.0,
      1.0
    ],