{
  "config_path": "/Users/svenhockers/Desktop/project/topology-and-robustness-in-DNNs/out/tabular/base_e_0.3/configs/trials/trial_000013.json",
  "dataset_name": "TABULAR",
  "metrics_adv": {
    "accuracy": 0.7301587301587301,
    "confusion_matrix": [
      [
        92,
        18
      ],
      [
        16,
        0
      ]
    ],
    "f1": 0.0,
    "fpr": [
      0.0,
      0.00909090909090909,
      0.4,
      0.4,
      0.4727272727272727,
      0.4727272727272727,
      0.5545454545454546,
      0.5545454545454546,
      0.6181818181818182,
      0.6181818181818182,
      0.6363636363636364,
      0.6363636363636364,
      0.6545454545454545,
      0.6545454545454545,
      0.6818181818181818,
      0.6818181818181818,
      0.6909090909090909,
      0.6909090909090909,
      0.7181818181818181,
      0.7181818181818181,
      0.7727272727272727,
      0.7727272727272727,
      0.8272727272727273,
      0.8272727272727273,
      0.9545454545454546,
      0.9545454545454546,
      0.9727272727272728,
      0.9727272727272728,
      0.9818181818181818,
      0.9818181818181818,
      1.0,
      1.0
    ],
    "fpr_at_tpr95": 1.0,
    "pr_auc": 0.08599058815487312,
    "pr_precision": [
      0.12698412698412698,
      0.12,
      0.12096774193548387,
      0.12195121951219512,
      0.11475409836065574,
      0.10743801652892562,
      0.10833333333333334,
      0.10084033613445378,
      0.1016949152542373,
      0.10256410256410256,
      0.09482758620689655,
      0.09565217391304348,
      0.09649122807017543,
      0.09734513274336283,
      0.09821428571428571,
      0.0990990990990991,
      0.1,
      0.10091743119266056,
      0.10185185185185185,
      0.102803738317757,
      0.10377358490566038,
      0.10476190476190476,
      0.10576923076923077,
      0.10679611650485436,
      0.10784313725490197,
      0.09900990099009901,
      0.1,
      0.10101010101010101,
      0.10204081632653061,
      0.10309278350515463,
      0.10416666666666667,
      0.10526315789473684,
      0.09574468085106383,
      0.0967741935483871,
      0.09782608695652174,
      0.0989010989010989,
      0.1,
      0.10112359550561797,
      0.10227272727272728,
      0.09195402298850575,
      0.09302325581395349,
      0.09411764705882353,
      0.09523809523809523,
      0.08433734939759036,
      0.08536585365853659,
      0.07407407407407407,
      0.075,
      0.0759493670886076,
      0.07692307692307693,
      0.06493506493506493,
      0.06578947368421052,
      0.06666666666666667,
      0.05405405405405406,
      0.0547945205479452,
      0.05555555555555555,
      0.04225352112676056,
      0.04285714285714286,
      0.043478260869565216,
      0.04411764705882353,
      0.04477611940298507,
      0.045454545454545456,
      0.046153846153846156,
      0.046875,
      0.031746031746031744,
      0.03225806451612903,
      0.03278688524590164,
      0.03333333333333333,
      0.03389830508474576,
      0.034482758620689655,
      0.03508771929824561,
      0.03571428571428571,
      0.03636363636363636,
      0.037037037037037035,
      0.018867924528301886,
      0.019230769230769232,
      0.0196078431372549,
      0.02,
      0.02040816326530612,
      0.020833333333333332,
      0.02127659574468085,
      0.021739130434782608,
      0.022222222222222223,
      0.0,
      0.0,
      0.0,
      0.0,
      0.0,
      0.0,
      0.0,
      0.0,
      0.0,
      0.0,
      0.0,
      0.0,
      0.0,
      0.0,
      0.0,
      0.0,
      0.0,
      0.0,
      0.0,
      0.0,
      0.0,
      0.0,
      0.0,
      0.0,
      0.0,
      0.0,
      0.0,
      0.0,
      0.0,
      0.0,
      0.0,
      0.0,
      0.0,
      0.0,
      0.0,
      0.0,
      0.0,
      0.0,
      0.0,
      0.0,
      0.0,
      0.0,
      0.0,
      0.0,
      1.0
    ],
    "pr_recall": [
      1.0,
      0.9375,
      0.9375,
      0.9375,
      0.875,
      0.8125,
      0.8125,
      0.75,
      0.75,
      0.75,
      0.6875,
      0.6875,
      0.6875,
      0.6875,
      0.6875,
      0.6875,
      0.6875,
      0.6875,
      0.6875,
      0.6875,
      0.6875,
      0.6875,
      0.6875,
      0.6875,
      0.6875,
      0.625,
      0.625,
      0.625,
      0.625,
      0.625,
      0.625,
      0.625,
      0.5625,
      0.5625,
      0.5625,
      0.5625,
      0.5625,
      0.5625,
      0.5625,
      0.5,
      0.5,
      0.5,
      0.5,
      0.4375,
      0.4375,
      0.375,
      0.375,
      0.375,
      0.375,
      0.3125,
      0.3125,
      0.3125,
      0.25,
      0.25,
      0.25,
      0.1875,
      0.1875,
      0.1875,
      0.1875,
      0.1875,
      0.1875,
      0.1875,
      0.1875,
      0.125,
      0.125,
      0.125,
      0.125,
      0.125,
      0.125,
      0.125,
      0.125,
      0.125,
      0.125,
      0.0625,
      0.0625,
      0.0625,
      0.0625,
      0.0625,
      0.0625,
      0.0625,
      0.0625,
      0.0625,
      0.0,
      0.0,
      0.0,
      0.0,
      0.0,
      0.0,
      0.0,
      0.0,
      0.0,
      0.0,
      0.0,
      0.0,
      0.0,
      0.0,
      0.0,
      0.0,
      0.0,
      0.0,
      0.0,
      0.0,
      0.0,
      0.0,
      0.0,
      0.0,
      0.0,
      0.0,
      0.0,
      0.0,
      0.0,
      0.0,
      0.0,
      0.0,
      0.0,
      0.0,
      0.0,
      0.0,
      0.0,
      0.0,
      0.0,
      0.0,
      0.0,
      0.0,
      0.0,
      0.0,
      0.0
    ],