{
  "config_path": "/Users/svenhockers/Desktop/project/topology-and-robustness-in-DNNs/out/tabular/base_e_0.1/configs/trials/trial_000007.json",
  "dataset_name": "TABULAR",
  "metrics_adv": {
    "accuracy": 0.7606837606837606,
    "confusion_matrix": [
      [
        89,
        21
      ],
      [
        7,
        0
      ]
    ],
    "f1": 0.0,
    "fpr": [
      0.0,
      0.00909090909090909,
      0.24545454545454545,
      0.24545454545454545,
      0.33636363636363636,
      0.33636363636363636,
      0.39090909090909093,
      0.39090909090909093,
      0.4909090909090909,
      0.4909090909090909,
      0.5363636363636364,
      0.5363636363636364,
      0.5909090909090909,
      0.5909090909090909,
      0.7818181818181819,
      0.7818181818181819,
      1.0
    ],
    "fpr_at_tpr95": 0.7818181818181819,
    "pr_auc": 0.0655828721428409,
    "pr_precision": [
      0.05982905982905983,
      0.0603448275862069,
      0.06086956521739131,
      0.06140350877192982,
      0.061946902654867256,
      0.0625,
      0.06306306306306306,
      0.06363636363636363,
      0.06422018348623854,
      0.06481481481481481,
      0.06542056074766354,
      0.0660377358490566,
      0.06666666666666667,
      0.0673076923076923,
      0.06796116504854369,
      0.06862745098039216,
      0.06930693069306931,
      0.07,
      0.0707070707070707,
      0.07142857142857142,
      0.07216494845360824,
      0.07291666666666667,
      0.07368421052631578,
      0.07446808510638298,
      0.07526881720430108,
      0.06521739130434782,
      0.06593406593406594,
      0.06666666666666667,
      0.06741573033707865,
      0.06818181818181818,
      0.06896551724137931,
      0.06976744186046512,
      0.07058823529411765,
      0.07142857142857142,
      0.07228915662650602,
      0.07317073170731707,
      0.07407407407407407,
      0.075,
      0.0759493670886076,
      0.07692307692307693,
      0.07792207792207792,
      0.07894736842105263,
      0.08,
      0.08108108108108109,
      0.0821917808219178,
      0.08333333333333333,
      0.08450704225352113,
      0.07142857142857142,
      0.07246376811594203,
      0.07352941176470588,
      0.07462686567164178,
      0.07575757575757576,
      0.07692307692307693,
      0.078125,
      0.06349206349206349,
      0.06451612903225806,
      0.06557377049180328,
      0.06666666666666667,
      0.06779661016949153,
      0.06896551724137931,
      0.05263157894736842,
      0.05357142857142857,
      0.05454545454545454,
      0.05555555555555555,
      0.05660377358490566,
      0.057692307692307696,
      0.058823529411764705,
      0.06,
      0.061224489795918366,
      0.0625,
      0.06382978723404255,
      0.06521739130434782,
      0.044444444444444446,
      0.045454545454545456,
      0.046511627906976744,
      0.047619047619047616,
      0.04878048780487805,
      0.05,
      0.05128205128205128,
      0.02631578947368421,
      0.02702702702702703,
      0.027777777777777776,
      0.02857142857142857,
      0.029411764705882353,
      0.030303030303030304,
      0.03125,
      0.03225806451612903,
      0.03333333333333333,
      0.034482758620689655,
      0.03571428571428571,
      0.0,
      0.0,
      0.0,
      0.0,
      0.0,
      0.0,
      0.0,
      0.0,
      0.0,
      0.0,
      0.0,
      0.0,
      0.0,
      0.0,
      0.0,
      0.0,
      0.0,
      0.0,
      0.0,
      0.0,
      0.0,
      0.0,
      0.0,
      0.0,
      0.0,
      0.0,
      0.0,
      1.0
    ],
    "pr_recall": [
      1.0,
      1.0,
      1.0,
      1.0,
      1.0,
      1.0,
      1.0,
      1.0,
      1.0,
      1.0,
      1.0,
      1.0,
      1.0,
      1.0,
      1.0,
      1.0,
      1.0,
      1.0,
      1.0,
      1.0,
      1.0,
      1.0,
      1.0,
      1.0,
      1.0,
      0.8571428571428571,
      0.8571428571428571,
      0.8571428571428571,
      0.8571428571428571,
      0.8571428571428571,
      0.8571428571428571,
      0.8571428571428571,
      0.8571428571428571,
      0.8571428571428571,
      0.8571428571428571,
      0.8571428571428571,
      0.8571428571428571,
      0.8571428571428571,
      0.8571428571428571,
      0.8571428571428571,
      0.8571428571428571,
      0.8571428571428571,
      0.8571428571428571,
      0.8571428571428571,
      0.8571428571428571,
      0.8571428571428571,
      0.8571428571428571,
      0.7142857142857143,
      0.7142857142857143,
      0.7142857142857143,
      0.7142857142857143,
      0.7142857142857143,
      0.7142857142857143,
      0.7142857142857143,
      0.5714285714285714,
      0.5714285714285714,
      0.5714285714285714,
      0.5714285714285714,
      0.5714285714285714,
      0.5714285714285714,
      0.42857142857142855,
      0.42857142857142855,
      0.42857142857142855,
      0.42857142857142855,
      0.42857142857142855,
      0.42857142857142855,
      0.42857142857142855,
      0.42857142857142855,
      0.42857142857142855,
      0.42857142857142855,
      0.42857142857142855,
      0.42857142857142855,
      0.2857142857142857,
      0.2857142857142857,
      0.2857142857142857,
      0.2857142857142857,
      0.2857142857142857,
      0.2857142857142857,
      0.2857142857142857,
      0.14285714285714285,
      0.14285714285714285,
      0.14285714285714285,
      0.14285714285714285,
      0.14285714285714285,
      0.14285714285714285,
      0.14285714285714285,
      0.14285714285714285,
      0.14285714285714285,
      0.14285714285714285,
      0.14285714285714285,
      0.0,
      0.0,
      0.0,
      0.0,
      0.0,
      0.0,
      0.0,
      0.0,
      0.0,
      0.0,
      0.0,
      0.0,
      0.0,
      0.0,
      0.0,
      0.0,
      0.0,
      0.0,
      0.0,
      0.0,
      0.0,
      0.0,
      0.0,
      0.0,
      0.0,
      0.0,
      0.0,
      0.0
    ],