{
  "config_path": "/Users/svenhockers/Desktop/project/topology-and-robustness-in-DNNs/out/tabular/base_e_0.3/configs/trials/trial_000007.json",
  "dataset_name": "TABULAR",
  "metrics_adv": {
    "accuracy": 0.7222222222222222,
    "confusion_matrix": [
      [
        89,
        21
      ],
      [
        14,
        2
      ]
    ],
    "f1": 0.10256410256410256,
    "fpr": [
      0.0,
      0.00909090909090909,
      0.01818181818181818,
      0.01818181818181818,
      0.18181818181818182,
      0.18181818181818182,
      0.19090909090909092,
      0.19090909090909092,
      0.23636363636363636,
      0.23636363636363636,
      0.2545454545454545,
      0.2545454545454545,
      0.3,
      0.3,
      0.42727272727272725,
      0.42727272727272725,
      0.4727272727272727,
      0.4727272727272727,
      0.4818181818181818,
      0.4818181818181818,
      0.4909090909090909,
      0.4909090909090909,
      0.5363636363636364,
      0.5363636363636364,
      0.6363636363636364,
      0.6363636363636364,
      0.8727272727272727,
      0.8727272727272727,
      0.9181818181818182,
      0.9181818181818182,
      1.0
    ],
    "fpr_at_tpr95": 0.9181818181818182,
    "pr_auc": 0.15700911392500444,
    "pr_precision": [
      0.12698412698412698,
      0.128,
      0.12903225806451613,
      0.13008130081300814,
      0.13114754098360656,
      0.1322314049586777,
      0.13333333333333333,
      0.13445378151260504,
      0.13559322033898305,
      0.13675213675213677,
      0.12931034482758622,
      0.13043478260869565,
      0.13157894736842105,
      0.13274336283185842,
      0.13392857142857142,
      0.13513513513513514,
      0.12727272727272726,
      0.12844036697247707,
      0.12962962962962962,
      0.1308411214953271,
      0.1320754716981132,
      0.13333333333333333,
      0.1346153846153846,
      0.13592233009708737,
      0.13725490196078433,
      0.13861386138613863,
      0.14,
      0.1414141414141414,
      0.14285714285714285,
      0.14432989690721648,
      0.14583333333333334,
      0.14736842105263157,
      0.14893617021276595,
      0.15053763440860216,
      0.15217391304347827,
      0.15384615384615385,
      0.15555555555555556,
      0.15730337078651685,
      0.1590909090909091,
      0.16091954022988506,
      0.16279069767441862,
      0.16470588235294117,
      0.16666666666666666,
      0.1566265060240964,
      0.15853658536585366,
      0.16049382716049382,
      0.1625,
      0.16455696202531644,
      0.16666666666666666,
      0.16883116883116883,
      0.17105263157894737,
      0.17333333333333334,
      0.17567567567567569,
      0.1780821917808219,
      0.18055555555555555,
      0.16901408450704225,
      0.15714285714285714,
      0.15942028985507245,
      0.16176470588235295,
      0.16417910447761194,
      0.16666666666666666,
      0.16923076923076924,
      0.15625,
      0.15873015873015872,
      0.14516129032258066,
      0.13114754098360656,
      0.13333333333333333,
      0.11864406779661017,
      0.1206896551724138,
      0.12280701754385964,
      0.125,
      0.12727272727272726,
      0.12962962962962962,
      0.11320754716981132,
      0.11538461538461539,
      0.11764705882352941,
      0.12,
      0.12244897959183673,
      0.125,
      0.1276595744680851,
      0.13043478260869565,
      0.13333333333333333,
      0.13636363636363635,
      0.13953488372093023,
      0.14285714285714285,
      0.14634146341463414,
      0.15,
      0.15384615384615385,
      0.13157894736842105,
      0.13513513513513514,
      0.1388888888888889,
      0.14285714285714285,
      0.14705882352941177,
      0.15151515151515152,
      0.125,
      0.12903225806451613,
      0.13333333333333333,
      0.10344827586206896,
      0.10714285714285714,
      0.1111111111111111,
      0.11538461538461539,
      0.12,
      0.125,
      0.08695652173913043,
      0.09090909090909091,
      0.047619047619047616,
      0.05,
      0.05263157894736842,
      0.05555555555555555,
      0.058823529411764705,
      0.0625,
      0.06666666666666667,
      0.07142857142857142,
      0.07692307692307693,
      0.08333333333333333,
      0.09090909090909091,
      0.1,
      0.1111111111111111,
      0.125,
      0.14285714285714285,
      0.16666666666666666,
      0.2,
      0.25,
      0.3333333333333333,
      0.0,
      0.0,
      1.0
    ],
    "pr_recall": [
      1.0,
      1.0,
      1.0,
      1.0,
      1.0,
      1.0,
      1.0,
      1.0,
      1.0,
      1.0,
      0.9375,
      0.9375,
      0.9375,
      0.9375,
      0.9375,
      0.9375,
      0.875,
      0.875,
      0.875,
      0.875,
      0.875,
      0.875,
      0.875,
      0.875,
      0.875,
      0.875,
      0.875,
      0.875,
      0.875,
      0.875,
      0.875,
      0.875,
      0.875,
      0.875,
      0.875,
      0.875,
      0.875,
      0.875,
      0.875,
      0.875,
      0.875,
      0.875,
      0.875,
      0.8125,
      0.8125,
      0.8125,
      0.8125,
      0.8125,
      0.8125,
      0.8125,
      0.8125,
      0.8125,
      0.8125,
      0.8125,
      0.8125,
      0.75,
      0.6875,
      0.6875,
      0.6875,
      0.6875,
      0.6875,
      0.6875,
      0.625,
      0.625,
      0.5625,
      0.5,
      0.5,
      0.4375,
      0.4375,
      0.4375,
      0.4375,
      0.4375,
      0.4375,
      0.375,
      0.375,
      0.375,
      0.375,
      0.375,
      0.375,
      0.375,
      0.375,
      0.375,
      0.375,
      0.375,
      0.375,
      0.375,
      0.375,
      0.375,
      0.3125,
      0.3125,
      0.3125,
      0.3125,
      0.3125,
      0.3125,
      0.25,
      0.25,
      0.25,
      0.1875,
      0.1875,
      0.1875,
      0.1875,
      0.1875,
      0.1875,
      0.125,
      0.125,
      0.0625,
      0.0625,
      0.0625,
      0.0625,
      0.0625,
      0.0625,
      0.0625,
      0.0625,
      0.0625,
      0.0625,
      0.0625,
      0.0625,
      0.0625,
      0.0625,
      0.0625,
      0.0625,
      0.0625,
      0.0625,
      0.0625,
      0.0,
      0.0,
      0.0
    ],