{
  "config_path": "/Users/svenhockers/Desktop/project/topology-and-robustness-in-DNNs/out/tabular/topology_only/base_e_0.2/configs/trials/trial_000011.json",
  "dataset_name": "TABULAR",
  "metrics_adv": {
    "accuracy": 0.7016129032258065,
    "confusion_matrix": [
      [
        83,
        27
      ],
      [
        10,
        4
      ]
    ],
    "f1": 0.17777777777777778,
    "fpr": [
      0.0,
      0.00909090909090909,
      0.1,
      0.1,
      0.12727272727272726,
      0.12727272727272726,
      0.18181818181818182,
      0.18181818181818182,
      0.2,
      0.2,
      0.3,
      0.3,
      0.36363636363636365,
      0.36363636363636365,
      0.37272727272727274,
      0.37272727272727274,
      0.4090909090909091,
      0.4090909090909091,
      0.41818181818181815,
      0.41818181818181815,
      0.4636363636363636,
      0.4636363636363636,
      0.7090909090909091,
      0.7090909090909091,
      0.7727272727272727,
      0.7727272727272727,
      0.9272727272727272,
      0.9272727272727272,
      1.0
    ],
    "fpr_at_tpr95": 0.9272727272727272,
    "pr_auc": 0.13425893438657044,
    "pr_precision": [
      0.11290322580645161,
      0.11382113821138211,
      0.11475409836065574,
      0.11570247933884298,
      0.11666666666666667,
      0.11764705882352941,
      0.11864406779661017,
      0.11965811965811966,
      0.1206896551724138,
      0.11304347826086956,
      0.11403508771929824,
      0.11504424778761062,
      0.11607142857142858,
      0.11711711711711711,
      0.11818181818181818,
      0.11926605504587157,
      0.12037037037037036,
      0.12149532710280374,
      0.12264150943396226,
      0.12380952380952381,
      0.125,
      0.1262135922330097,
      0.12745098039215685,
      0.12871287128712872,
      0.13,
      0.13131313131313133,
      0.1326530612244898,
      0.12371134020618557,
      0.11458333333333333,
      0.11578947368421053,
      0.11702127659574468,
      0.11827956989247312,
      0.11956521739130435,
      0.12087912087912088,
      0.12222222222222222,
      0.12359550561797752,
      0.11363636363636363,
      0.11494252873563218,
      0.11627906976744186,
      0.11764705882352941,
      0.11904761904761904,
      0.12048192771084337,
      0.12195121951219512,
      0.12345679012345678,
      0.125,
      0.12658227848101267,
      0.1282051282051282,
      0.12987012987012986,
      0.13157894736842105,
      0.13333333333333333,
      0.13513513513513514,
      0.136986301369863,
      0.1388888888888889,
      0.14084507042253522,
      0.14285714285714285,
      0.14492753623188406,
      0.14705882352941177,
      0.14925373134328357,
      0.15151515151515152,
      0.15384615384615385,
      0.15625,
      0.15873015873015872,
      0.16129032258064516,
      0.16393442622950818,
      0.15,
      0.15254237288135594,
      0.15517241379310345,
      0.15789473684210525,
      0.16071428571428573,
      0.16363636363636364,
      0.14814814814814814,
      0.1509433962264151,
      0.1346153846153846,
      0.13725490196078433,
      0.14,
      0.14285714285714285,
      0.14583333333333334,
      0.1276595744680851,
      0.13043478260869565,
      0.1111111111111111,
      0.11363636363636363,
      0.11627906976744186,
      0.11904761904761904,
      0.12195121951219512,
      0.125,
      0.1282051282051282,
      0.13157894736842105,
      0.10810810810810811,
      0.1111111111111111,
      0.11428571428571428,
      0.11764705882352941,
      0.12121212121212122,
      0.125,
      0.12903225806451613,
      0.13333333333333333,
      0.13793103448275862,
      0.14285714285714285,
      0.14814814814814814,
      0.15384615384615385,
      0.12,
      0.125,
      0.13043478260869565,
      0.09090909090909091,
      0.09523809523809523,
      0.1,
      0.10526315789473684,
      0.1111111111111111,
      0.11764705882352941,
      0.125,
      0.06666666666666667,
      0.07142857142857142,
      0.07692307692307693,
      0.08333333333333333,
      0.0,
      0.0,
      0.0,
      0.0,
      0.0,
      0.0,
      0.0,
      0.0,
      0.0,
      0.0,
      0.0,
      1.0
    ],
    "pr_recall": [
      1.0,
      1.0,
      1.0,
      1.0,
      1.0,
      1.0,
      1.0,
      1.0,
      1.0,
      0.9285714285714286,
      0.9285714285714286,
      0.9285714285714286,
      0.9285714285714286,
      0.9285714285714286,
      0.9285714285714286,
      0.9285714285714286,
      0.9285714285714286,
      0.9285714285714286,
      0.9285714285714286,
      0.9285714285714286,
      0.9285714285714286,
      0.9285714285714286,
      0.9285714285714286,
      0.9285714285714286,
      0.9285714285714286,
      0.9285714285714286,
      0.9285714285714286,
      0.8571428571428571,
      0.7857142857142857,
      0.7857142857142857,
      0.7857142857142857,
      0.7857142857142857,
      0.7857142857142857,
      0.7857142857142857,
      0.7857142857142857,
      0.7857142857142857,
      0.7142857142857143,
      0.7142857142857143,
      0.7142857142857143,
      0.7142857142857143,
      0.7142857142857143,
      0.7142857142857143,
      0.7142857142857143,
      0.7142857142857143,
      0.7142857142857143,
      0.7142857142857143,
      0.7142857142857143,
      0.7142857142857143,
      0.7142857142857143,
      0.7142857142857143,
      0.7142857142857143,
      0.7142857142857143,
      0.7142857142857143,
      0.7142857142857143,
      0.7142857142857143,
      0.7142857142857143,
      0.7142857142857143,
      0.7142857142857143,
      0.7142857142857143,
      0.7142857142857143,
      0.7142857142857143,
      0.7142857142857143,
      0.7142857142857143,
      0.7142857142857143,
      0.6428571428571429,
      0.6428571428571429,
      0.6428571428571429,
      0.6428571428571429,
      0.6428571428571429,
      0.6428571428571429,
      0.5714285714285714,
      0.5714285714285714,
      0.5,
      0.5,
      0.5,
      0.5,
      0.5,
      0.42857142857142855,
      0.42857142857142855,
      0.35714285714285715,
      0.35714285714285715,
      0.35714285714285715,
      0.35714285714285715,
      0.35714285714285715,
      0.35714285714285715,
      0.35714285714285715,
      0.35714285714285715,
      0.2857142857142857,
      0.2857142857142857,
      0.2857142857142857,
      0.2857142857142857,
      0.2857142857142857,
      0.2857142857142857,
      0.2857142857142857,
      0.2857142857142857,
      0.2857142857142857,
      0.2857142857142857,
      0.2857142857142857,
      0.2857142857142857,
      0.21428571428571427,
      0.21428571428571427,
      0.21428571428571427,
      0.14285714285714285,
      0.14285714285714285,
      0.14285714285714285,
      0.14285714285714285,
      0.14285714285714285,
      0.14285714285714285,
      0.14285714285714285,
      0.07142857142857142,
      0.07142857142857142,
      0.07142857142857142,
      0.07142857142857142,
      0.0,
      0.0,
      0.0,
      0.0,
      0.0,
      0.0,
      0.0,
      0.0,
      0.0,
      0.0,
      0.0,
      0.0
    ],