{
  "config_path": "/Users/svenhockers/Desktop/project/topology-and-robustness-in-DNNs/out/tabular/topology_only/base_e_0.1/configs/trials/trial_000012.json",
  "dataset_name": "TABULAR",
  "metrics_adv": {
    "accuracy": 0.811965811965812,
    "confusion_matrix": [
      [
        95,
        15
      ],
      [
        7,
        0
      ]
    ],
    "f1": 0.0,
    "fpr": [
      0.0,
      0.00909090909090909,
      0.22727272727272727,
      0.22727272727272727,
      0.37272727272727274,
      0.37272727272727274,
      0.42727272727272725,
      0.42727272727272725,
      0.9181818181818182,
      0.9181818181818182,
      0.9636363636363636,
      0.9636363636363636,
      0.990909090909091,
      0.990909090909091,
      1.0
    ],
    "fpr_at_tpr95": 0.990909090909091,
    "pr_auc": 0.06003355296354864,
    "pr_precision": [
      0.05982905982905983,
      0.0603448275862069,
      0.05217391304347826,
      0.05263157894736842,
      0.05309734513274336,
      0.05357142857142857,
      0.04504504504504504,
      0.045454545454545456,
      0.045871559633027525,
      0.046296296296296294,
      0.04672897196261682,
      0.04716981132075472,
      0.0380952380952381,
      0.038461538461538464,
      0.038834951456310676,
      0.0392156862745098,
      0.039603960396039604,
      0.04,
      0.04040404040404041,
      0.04081632653061224,
      0.041237113402061855,
      0.041666666666666664,
      0.042105263157894736,
      0.0425531914893617,
      0.043010752688172046,
      0.043478260869565216,
      0.04395604395604396,
      0.044444444444444446,
      0.0449438202247191,
      0.045454545454545456,
      0.04597701149425287,
      0.046511627906976744,
      0.047058823529411764,
      0.047619047619047616,
      0.04819277108433735,
      0.04878048780487805,
      0.04938271604938271,
      0.05,
      0.05063291139240506,
      0.05128205128205128,
      0.05194805194805195,
      0.05263157894736842,
      0.05333333333333334,
      0.05405405405405406,
      0.0547945205479452,
      0.05555555555555555,
      0.056338028169014086,
      0.05714285714285714,
      0.057971014492753624,
      0.058823529411764705,
      0.05970149253731343,
      0.06060606060606061,
      0.06153846153846154,
      0.0625,
      0.06349206349206349,
      0.06451612903225806,
      0.06557377049180328,
      0.06666666666666667,
      0.06779661016949153,
      0.06896551724137931,
      0.07017543859649122,
      0.07142857142857142,
      0.07272727272727272,
      0.07407407407407407,
      0.07547169811320754,
      0.07692307692307693,
      0.0784313725490196,
      0.06,
      0.061224489795918366,
      0.0625,
      0.06382978723404255,
      0.06521739130434782,
      0.06666666666666667,
      0.06818181818181818,
      0.046511627906976744,
      0.047619047619047616,
      0.04878048780487805,
      0.05,
      0.05128205128205128,
      0.05263157894736842,
      0.05405405405405406,
      0.05555555555555555,
      0.05714285714285714,
      0.058823529411764705,
      0.06060606060606061,
      0.0625,
      0.06451612903225806,
      0.06666666666666667,
      0.06896551724137931,
      0.07142857142857142,
      0.07407407407407407,
      0.038461538461538464,
      0.0,
      0.0,
      0.0,
      0.0,
      0.0,
      0.0,
      0.0,
      0.0,
      0.0,
      0.0,
      0.0,
      0.0,
      0.0,
      0.0,
      0.0,
      0.0,
      0.0,
      0.0,
      0.0,
      0.0,
      0.0,
      0.0,
      0.0,
      0.0,
      0.0,
      1.0
    ],
    "pr_recall": [
      1.0,
      1.0,
      0.8571428571428571,
      0.8571428571428571,
      0.8571428571428571,
      0.8571428571428571,
      0.7142857142857143,
      0.7142857142857143,
      0.7142857142857143,
      0.7142857142857143,
      0.7142857142857143,
      0.7142857142857143,
      0.5714285714285714,
      0.5714285714285714,
      0.5714285714285714,
      0.5714285714285714,
      0.5714285714285714,
      0.5714285714285714,
      0.5714285714285714,
      0.5714285714285714,
      0.5714285714285714,
      0.5714285714285714,
      0.5714285714285714,
      0.5714285714285714,
      0.5714285714285714,
      0.5714285714285714,
      0.5714285714285714,
      0.5714285714285714,
      0.5714285714285714,
      0.5714285714285714,
      0.5714285714285714,
      0.5714285714285714,
      0.5714285714285714,
      0.5714285714285714,
      0.5714285714285714,
      0.5714285714285714,
      0.5714285714285714,
      0.5714285714285714,
      0.5714285714285714,
      0.5714285714285714,
      0.5714285714285714,
      0.5714285714285714,
      0.5714285714285714,
      0.5714285714285714,
      0.5714285714285714,
      0.5714285714285714,
      0.5714285714285714,
      0.5714285714285714,
      0.5714285714285714,
      0.5714285714285714,
      0.5714285714285714,
      0.5714285714285714,
      0.5714285714285714,
      0.5714285714285714,
      0.5714285714285714,
      0.5714285714285714,
      0.5714285714285714,
      0.5714285714285714,
      0.5714285714285714,
      0.5714285714285714,
      0.5714285714285714,
      0.5714285714285714,
      0.5714285714285714,
      0.5714285714285714,
      0.5714285714285714,
      0.5714285714285714,
      0.5714285714285714,
      0.42857142857142855,
      0.42857142857142855,
      0.42857142857142855,
      0.42857142857142855,
      0.42857142857142855,
      0.42857142857142855,
      0.42857142857142855,
      0.2857142857142857,
      0.2857142857142857,
      0.2857142857142857,
      0.2857142857142857,
      0.2857142857142857,
      0.2857142857142857,
      0.2857142857142857,
      0.2857142857142857,
      0.2857142857142857,
      0.2857142857142857,
      0.2857142857142857,
      0.2857142857142857,
      0.2857142857142857,
      0.2857142857142857,
      0.2857142857142857,
      0.2857142857142857,
      0.2857142857142857,
      0.14285714285714285,
      0.0,
      0.0,
      0.0,
      0.0,
      0.0,
      0.0,
      0.0,
      0.0,
      0.0,
      0.0,
      0.0,
      0.0,
      0.0,
      0.0,
      0.0,
      0.0,
      0.0,
      0.0,
      0.0,
      0.0,
      0.0,
      0.0,
      0.0,
      0.0,
      0.0,
      0.0
    ],