{
  "config_path": "/Users/svenhockers/Desktop/project/topology-and-robustness-in-DNNs/out/tabular/topology_only/base_e_0.3/configs/trials/trial_000005.json",
  "dataset_name": "TABULAR",
  "metrics_adv": {
    "accuracy": 0.7380952380952381,
    "confusion_matrix": [
      [
        89,
        21
      ],
      [
        12,
        4
      ]
    ],
    "f1": 0.19512195121951217,
    "fpr": [
      0.0,
      0.00909090909090909,
      0.05454545454545454,
      0.05454545454545454,
      0.07272727272727272,
      0.07272727272727272,
      0.09090909090909091,
      0.09090909090909091,
      0.2545454545454545,
      0.2545454545454545,
      0.38181818181818183,
      0.38181818181818183,
      0.4909090909090909,
      0.4909090909090909,
      0.6181818181818182,
      0.6181818181818182,
      0.6272727272727273,
      0.6272727272727273,
      0.6636363636363637,
      0.6636363636363637,
      0.7181818181818181,
      0.7181818181818181,
      0.7363636363636363,
      0.7363636363636363,
      0.8636363636363636,
      0.8636363636363636,
      0.990909090909091,
      0.990909090909091,
      1.0
    ],
    "fpr_at_tpr95": 0.990909090909091,
    "pr_auc": 0.16102200707284536,
    "pr_precision": [
      0.12698412698412698,
      0.128,
      0.12096774193548387,
      0.12195121951219512,
      0.12295081967213115,
      0.12396694214876033,
      0.125,
      0.12605042016806722,
      0.1271186440677966,
      0.1282051282051282,
      0.12931034482758622,
      0.13043478260869565,
      0.13157894736842105,
      0.13274336283185842,
      0.13392857142857142,
      0.13513513513513514,
      0.13636363636363635,
      0.12844036697247707,
      0.12962962962962962,
      0.1308411214953271,
      0.1320754716981132,
      0.13333333333333333,
      0.1346153846153846,
      0.13592233009708737,
      0.13725490196078433,
      0.13861386138613863,
      0.14,
      0.1414141414141414,
      0.14285714285714285,
      0.14432989690721648,
      0.14583333333333334,
      0.14736842105263157,
      0.13829787234042554,
      0.13978494623655913,
      0.14130434782608695,
      0.13186813186813187,
      0.13333333333333333,
      0.1348314606741573,
      0.13636363636363635,
      0.13793103448275862,
      0.13953488372093023,
      0.1411764705882353,
      0.13095238095238096,
      0.13253012048192772,
      0.13414634146341464,
      0.13580246913580246,
      0.1375,
      0.12658227848101267,
      0.11538461538461539,
      0.11688311688311688,
      0.10526315789473684,
      0.10666666666666667,
      0.10810810810810811,
      0.1095890410958904,
      0.1111111111111111,
      0.11267605633802817,
      0.11428571428571428,
      0.11594202898550725,
      0.11764705882352941,
      0.11940298507462686,
      0.12121212121212122,
      0.12307692307692308,
      0.125,
      0.12698412698412698,
      0.12903225806451613,
      0.11475409836065574,
      0.11666666666666667,
      0.11864406779661017,
      0.1206896551724138,
      0.12280701754385964,
      0.125,
      0.12727272727272726,
      0.12962962962962962,
      0.1320754716981132,
      0.1346153846153846,
      0.13725490196078433,
      0.14,
      0.14285714285714285,
      0.125,
      0.1276595744680851,
      0.13043478260869565,
      0.13333333333333333,
      0.13636363636363635,
      0.13953488372093023,
      0.14285714285714285,
      0.14634146341463414,
      0.15,
      0.15384615384615385,
      0.15789473684210525,
      0.16216216216216217,
      0.16666666666666666,
      0.17142857142857143,
      0.17647058823529413,
      0.15151515151515152,
      0.125,
      0.12903225806451613,
      0.13333333333333333,
      0.13793103448275862,
      0.14285714285714285,
      0.14814814814814814,
      0.15384615384615385,
      0.16,
      0.16666666666666666,
      0.17391304347826086,
      0.18181818181818182,
      0.19047619047619047,
      0.2,
      0.21052631578947367,
      0.2222222222222222,
      0.23529411764705882,
      0.25,
      0.26666666666666666,
      0.2857142857142857,
      0.23076923076923078,
      0.25,
      0.2727272727272727,
      0.2,
      0.1111111111111111,
      0.125,
      0.14285714285714285,
      0.0,
      0.0,
      0.0,
      0.0,
      0.0,
      0.0,
      1.0
    ],
    "pr_recall": [
      1.0,
      1.0,
      0.9375,
      0.9375,
      0.9375,
      0.9375,
      0.9375,
      0.9375,
      0.9375,
      0.9375,
      0.9375,
      0.9375,
      0.9375,
      0.9375,
      0.9375,
      0.9375,
      0.9375,
      0.875,
      0.875,
      0.875,
      0.875,
      0.875,
      0.875,
      0.875,
      0.875,
      0.875,
      0.875,
      0.875,
      0.875,
      0.875,
      0.875,
      0.875,
      0.8125,
      0.8125,
      0.8125,
      0.75,
      0.75,
      0.75,
      0.75,
      0.75,
      0.75,
      0.75,
      0.6875,
      0.6875,
      0.6875,
      0.6875,
      0.6875,
      0.625,
      0.5625,
      0.5625,
      0.5,
      0.5,
      0.5,
      0.5,
      0.5,
      0.5,
      0.5,
      0.5,
      0.5,
      0.5,
      0.5,
      0.5,
      0.5,
      0.5,
      0.5,
      0.4375,
      0.4375,
      0.4375,
      0.4375,
      0.4375,
      0.4375,
      0.4375,
      0.4375,
      0.4375,
      0.4375,
      0.4375,
      0.4375,
      0.4375,
      0.375,
      0.375,
      0.375,
      0.375,
      0.375,
      0.375,
      0.375,
      0.375,
      0.375,
      0.375,
      0.375,
      0.375,
      0.375,
      0.375,
      0.375,
      0.3125,
      0.25,
      0.25,
      0.25,
      0.25,
      0.25,
      0.25,
      0.25,
      0.25,
      0.25,
      0.25,
      0.25,
      0.25,
      0.25,
      0.25,
      0.25,
      0.25,
      0.25,
      0.25,
      0.25,
      0.1875,
      0.1875,
      0.1875,
      0.125,
      0.0625,
      0.0625,
      0.0625,
      0.0,
      0.0,
      0.0,
      0.0,
      0.0,
      0.0,
      0.0
    ],