{
  "config_path": "/Users/svenhockers/Desktop/project/topology-and-robustness-in-DNNs/out/tabular/base_e_0.2/configs/trials/trial_000007.json",
  "dataset_name": "TABULAR",
  "metrics_adv": {
    "accuracy": 0.7419354838709677,
    "confusion_matrix": [
      [
        89,
        21
      ],
      [
        11,
        3
      ]
    ],
    "f1": 0.15789473684210525,
    "fpr": [
      0.0,
      0.00909090909090909,
      0.02727272727272727,
      0.02727272727272727,
      0.045454545454545456,
      0.045454545454545456,
      0.13636363636363635,
      0.13636363636363635,
      0.24545454545454545,
      0.24545454545454545,
      0.2727272727272727,
      0.2727272727272727,
      0.37272727272727274,
      0.37272727272727274,
      0.43636363636363634,
      0.43636363636363634,
      0.4818181818181818,
      0.4818181818181818,
      0.509090909090909,
      0.509090909090909,
      0.5363636363636364,
      0.5363636363636364,
      0.5636363636363636,
      0.5636363636363636,
      0.6363636363636364,
      0.6363636363636364,
      0.9818181818181818,
      0.9818181818181818,
      1.0
    ],
    "fpr_at_tpr95": 0.9818181818181818,
    "pr_auc": 0.16055087582532385,
    "pr_precision": [
      0.11290322580645161,
      0.11382113821138211,
      0.11475409836065574,
      0.10743801652892562,
      0.10833333333333334,
      0.1092436974789916,
      0.11016949152542373,
      0.1111111111111111,
      0.11206896551724138,
      0.11304347826086956,
      0.11403508771929824,
      0.11504424778761062,
      0.11607142857142858,
      0.11711711711711711,
      0.11818181818181818,
      0.11926605504587157,
      0.12037037037037036,
      0.12149532710280374,
      0.12264150943396226,
      0.12380952380952381,
      0.125,
      0.1262135922330097,
      0.12745098039215685,
      0.12871287128712872,
      0.13,
      0.13131313131313133,
      0.1326530612244898,
      0.13402061855670103,
      0.13541666666666666,
      0.1368421052631579,
      0.13829787234042554,
      0.13978494623655913,
      0.14130434782608695,
      0.14285714285714285,
      0.14444444444444443,
      0.14606741573033707,
      0.14772727272727273,
      0.14942528735632185,
      0.1511627906976744,
      0.15294117647058825,
      0.15476190476190477,
      0.1566265060240964,
      0.14634146341463414,
      0.14814814814814814,
      0.15,
      0.1518987341772152,
      0.15384615384615385,
      0.15584415584415584,
      0.15789473684210525,
      0.16,
      0.16216216216216217,
      0.1506849315068493,
      0.1527777777777778,
      0.15492957746478872,
      0.15714285714285714,
      0.14492753623188406,
      0.14705882352941177,
      0.14925373134328357,
      0.15151515151515152,
      0.13846153846153847,
      0.140625,
      0.14285714285714285,
      0.14516129032258066,
      0.13114754098360656,
      0.11666666666666667,
      0.11864406779661017,
      0.1206896551724138,
      0.12280701754385964,
      0.125,
      0.12727272727272726,
      0.1111111111111111,
      0.11320754716981132,
      0.11538461538461539,
      0.11764705882352941,
      0.12,
      0.12244897959183673,
      0.125,
      0.1276595744680851,
      0.10869565217391304,
      0.1111111111111111,
      0.11363636363636363,
      0.11627906976744186,
      0.11904761904761904,
      0.12195121951219512,
      0.125,
      0.1282051282051282,
      0.13157894736842105,
      0.13513513513513514,
      0.1388888888888889,
      0.14285714285714285,
      0.11764705882352941,
      0.12121212121212122,
      0.125,
      0.12903225806451613,
      0.1,
      0.10344827586206896,
      0.10714285714285714,
      0.1111111111111111,
      0.11538461538461539,
      0.12,
      0.125,
      0.13043478260869565,
      0.13636363636363635,
      0.14285714285714285,
      0.15,
      0.15789473684210525,
      0.16666666666666666,
      0.11764705882352941,
      0.125,
      0.13333333333333333,
      0.14285714285714285,
      0.15384615384615385,
      0.16666666666666666,
      0.18181818181818182,
      0.2,
      0.2222222222222222,
      0.25,
      0.2857142857142857,
      0.16666666666666666,
      0.2,
      0.25,
      0.0,
      0.0,
      0.0,
      1.0
    ],
    "pr_recall": [
      1.0,
      1.0,
      1.0,
      0.9285714285714286,
      0.9285714285714286,
      0.9285714285714286,
      0.9285714285714286,
      0.9285714285714286,
      0.9285714285714286,
      0.9285714285714286,
      0.9285714285714286,
      0.9285714285714286,
      0.9285714285714286,
      0.9285714285714286,
      0.9285714285714286,
      0.9285714285714286,
      0.9285714285714286,
      0.9285714285714286,
      0.9285714285714286,
      0.9285714285714286,
      0.9285714285714286,
      0.9285714285714286,
      0.9285714285714286,
      0.9285714285714286,
      0.9285714285714286,
      0.9285714285714286,
      0.9285714285714286,
      0.9285714285714286,
      0.9285714285714286,
      0.9285714285714286,
      0.9285714285714286,
      0.9285714285714286,
      0.9285714285714286,
      0.9285714285714286,
      0.9285714285714286,
      0.9285714285714286,
      0.9285714285714286,
      0.9285714285714286,
      0.9285714285714286,
      0.9285714285714286,
      0.9285714285714286,
      0.9285714285714286,
      0.8571428571428571,
      0.8571428571428571,
      0.8571428571428571,
      0.8571428571428571,
      0.8571428571428571,
      0.8571428571428571,
      0.8571428571428571,
      0.8571428571428571,
      0.8571428571428571,
      0.7857142857142857,
      0.7857142857142857,
      0.7857142857142857,
      0.7857142857142857,
      0.7142857142857143,
      0.7142857142857143,
      0.7142857142857143,
      0.7142857142857143,
      0.6428571428571429,
      0.6428571428571429,
      0.6428571428571429,
      0.6428571428571429,
      0.5714285714285714,
      0.5,
      0.5,
      0.5,
      0.5,
      0.5,
      0.5,
      0.42857142857142855,
      0.42857142857142855,
      0.42857142857142855,
      0.42857142857142855,
      0.42857142857142855,
      0.42857142857142855,
      0.42857142857142855,
      0.42857142857142855,
      0.35714285714285715,
      0.35714285714285715,
      0.35714285714285715,
      0.35714285714285715,
      0.35714285714285715,
      0.35714285714285715,
      0.35714285714285715,
      0.35714285714285715,
      0.35714285714285715,
      0.35714285714285715,
      0.35714285714285715,
      0.35714285714285715,
      0.2857142857142857,
      0.2857142857142857,
      0.2857142857142857,
      0.2857142857142857,
      0.21428571428571427,
      0.21428571428571427,
      0.21428571428571427,
      0.21428571428571427,
      0.21428571428571427,
      0.21428571428571427,
      0.21428571428571427,
      0.21428571428571427,
      0.21428571428571427,
      0.21428571428571427,
      0.21428571428571427,
      0.21428571428571427,
      0.21428571428571427,
      0.14285714285714285,
      0.14285714285714285,
      0.14285714285714285,
      0.14285714285714285,
      0.14285714285714285,
      0.14285714285714285,
      0.14285714285714285,
      0.14285714285714285,
      0.14285714285714285,
      0.14285714285714285,
      0.14285714285714285,
      0.07142857142857142,
      0.07142857142857142,
      0.07142857142857142,
      0.0,
      0.0,
      0.0,
      0.0
    ],