{
  "config_path": "/Users/svenhockers/Desktop/project/topology-and-robustness-in-DNNs/out/tabular/base_e_0.3/configs/trials/trial_000014.json",
  "dataset_name": "TABULAR",
  "metrics_adv": {
    "accuracy": 0.8095238095238095,
    "confusion_matrix": [
      [
        101,
        9
      ],
      [
        15,
        1
      ]
    ],
    "f1": 0.07692307692307693,
    "fpr": [
      0.0,
      0.00909090909090909,
      0.07272727272727272,
      0.07272727272727272,
      0.3,
      0.3,
      0.4818181818181818,
      0.4818181818181818,
      0.5181818181818182,
      0.5181818181818182,
      0.5363636363636364,
      0.5363636363636364,
      0.5818181818181818,
      0.5818181818181818,
      0.6545454545454545,
      0.6545454545454545,
      0.7363636363636363,
      0.7363636363636363,
      0.7454545454545455,
      0.7454545454545455,
      0.7636363636363637,
      0.7636363636363637,
      0.7727272727272727,
      0.7727272727272727,
      0.8090909090909091,
      0.8090909090909091,
      0.8909090909090909,
      0.8909090909090909,
      0.9818181818181818,
      0.9818181818181818,
      1.0
    ],
    "fpr_at_tpr95": 0.9818181818181818,
    "pr_auc": 0.1049804757646043,
    "pr_precision": [
      0.12698412698412698,
      0.128,
      0.12903225806451613,
      0.12195121951219512,
      0.12295081967213115,
      0.12396694214876033,
      0.125,
      0.12605042016806722,
      0.1271186440677966,
      0.1282051282051282,
      0.12931034482758622,
      0.13043478260869565,
      0.13157894736842105,
      0.13274336283185842,
      0.125,
      0.12612612612612611,
      0.12727272727272726,
      0.12844036697247707,
      0.12962962962962962,
      0.1308411214953271,
      0.1320754716981132,
      0.13333333333333333,
      0.1346153846153846,
      0.13592233009708737,
      0.12745098039215685,
      0.12871287128712872,
      0.13,
      0.13131313131313133,
      0.1326530612244898,
      0.12371134020618557,
      0.125,
      0.11578947368421053,
      0.11702127659574468,
      0.11827956989247312,
      0.10869565217391304,
      0.10989010989010989,
      0.1,
      0.10112359550561797,
      0.10227272727272728,
      0.10344827586206896,
      0.10465116279069768,
      0.10588235294117647,
      0.10714285714285714,
      0.10843373493975904,
      0.10975609756097561,
      0.1111111111111111,
      0.1,
      0.10126582278481013,
      0.10256410256410256,
      0.1038961038961039,
      0.10526315789473684,
      0.10666666666666667,
      0.10810810810810811,
      0.1095890410958904,
      0.1111111111111111,
      0.09859154929577464,
      0.1,
      0.10144927536231885,
      0.10294117647058823,
      0.1044776119402985,
      0.10606060606060606,
      0.09230769230769231,
      0.09375,
      0.09523809523809523,
      0.08064516129032258,
      0.06557377049180328,
      0.06666666666666667,
      0.06779661016949153,
      0.06896551724137931,
      0.07017543859649122,
      0.05357142857142857,
      0.03636363636363636,
      0.037037037037037035,
      0.03773584905660377,
      0.038461538461538464,
      0.0392156862745098,
      0.04,
      0.04081632653061224,
      0.041666666666666664,
      0.0425531914893617,
      0.043478260869565216,
      0.044444444444444446,
      0.045454545454545456,
      0.046511627906976744,
      0.047619047619047616,
      0.04878048780487805,
      0.05,
      0.05128205128205128,
      0.05263157894736842,
      0.05405405405405406,
      0.05555555555555555,
      0.05714285714285714,
      0.029411764705882353,
      0.030303030303030304,
      0.03125,
      0.03225806451612903,
      0.03333333333333333,
      0.034482758620689655,
      0.03571428571428571,
      0.037037037037037035,
      0.038461538461538464,
      0.04,
      0.041666666666666664,
      0.043478260869565216,
      0.045454545454545456,
      0.047619047619047616,
      0.05,
      0.05263157894736842,
      0.05555555555555555,
      0.058823529411764705,
      0.0625,
      0.06666666666666667,
      0.07142857142857142,
      0.07692307692307693,
      0.08333333333333333,
      0.09090909090909091,
      0.1,
      0.1111111111111111,
      0.0,
      0.0,
      0.0,
      0.0,
      0.0,
      0.0,
      0.0,
      0.0,
      1.0
    ],
    "pr_recall": [
      1.0,
      1.0,
      1.0,
      0.9375,
      0.9375,
      0.9375,
      0.9375,
      0.9375,
      0.9375,
      0.9375,
      0.9375,
      0.9375,
      0.9375,
      0.9375,
      0.875,
      0.875,
      0.875,
      0.875,
      0.875,
      0.875,
      0.875,
      0.875,
      0.875,
      0.875,
      0.8125,
      0.8125,
      0.8125,
      0.8125,
      0.8125,
      0.75,
      0.75,
      0.6875,
      0.6875,
      0.6875,
      0.625,
      0.625,
      0.5625,
      0.5625,
      0.5625,
      0.5625,
      0.5625,
      0.5625,
      0.5625,
      0.5625,
      0.5625,
      0.5625,
      0.5,
      0.5,
      0.5,
      0.5,
      0.5,
      0.5,
      0.5,
      0.5,
      0.5,
      0.4375,
      0.4375,
      0.4375,
      0.4375,
      0.4375,
      0.4375,
      0.375,
      0.375,
      0.375,
      0.3125,
      0.25,
      0.25,
      0.25,
      0.25,
      0.25,
      0.1875,
      0.125,
      0.125,
      0.125,
      0.125,
      0.125,
      0.125,
      0.125,
      0.125,
      0.125,
      0.125,
      0.125,
      0.125,
      0.125,
      0.125,
      0.125,
      0.125,
      0.125,
      0.125,
      0.125,
      0.125,
      0.125,
      0.0625,
      0.0625,
      0.0625,
      0.0625,
      0.0625,
      0.0625,
      0.0625,
      0.0625,
      0.0625,
      0.0625,
      0.0625,
      0.0625,
      0.0625,
      0.0625,
      0.0625,
      0.0625,
      0.0625,
      0.0625,
      0.0625,
      0.0625,
      0.0625,
      0.0625,
      0.0625,
      0.0625,
      0.0625,
      0.0625,
      0.0,
      0.0,
      0.0,
      0.0,
      0.0,
      0.0,
      0.0,
      0.0,
      0.0
    ],