{
  "config_path": "/Users/svenhockers/Desktop/project/topology-and-robustness-in-DNNs/out/tabular/baseline/base_e_0.3/configs/trials/trial_000007.json",
  "dataset_name": "TABULAR",
  "metrics_adv": {
    "accuracy": 0.8253968253968254,
    "confusion_matrix": [
      [
        96,
        14
      ],
      [
        8,
        8
      ]
    ],
    "f1": 0.4210526315789474,
    "fpr": [
      0.0,
      0.00909090909090909,
      0.00909090909090909,
      0.01818181818181818,
      0.01818181818181818,
      0.02727272727272727,
      0.02727272727272727,
      0.08181818181818182,
      0.08181818181818182,
      0.4818181818181818,
      0.4818181818181818,
      0.6454545454545455,
      0.6454545454545455,
      0.6727272727272727,
      0.6727272727272727,
      0.7181818181818181,
      0.7181818181818181,
      0.9181818181818182,
      0.9181818181818182,
      0.9454545454545454,
      0.9454545454545454,
      0.990909090909091,
      0.990909090909091,
      1.0
    ],
    "fpr_at_tpr95": 0.990909090909091,
    "pr_auc": 0.40564442816476987,
    "pr_precision": [
      0.12698412698412698,
      0.128,
      0.12096774193548387,
      0.12195121951219512,
      0.12295081967213115,
      0.12396694214876033,
      0.125,
      0.12605042016806722,
      0.11864406779661017,
      0.11965811965811966,
      0.1206896551724138,
      0.12173913043478261,
      0.11403508771929824,
      0.10619469026548672,
      0.10714285714285714,
      0.10810810810810811,
      0.10909090909090909,
      0.11009174311926606,
      0.1111111111111111,
      0.11214953271028037,
      0.11320754716981132,
      0.11428571428571428,
      0.11538461538461539,
      0.11650485436893204,
      0.11764705882352941,
      0.1188118811881188,
      0.12,
      0.12121212121212122,
      0.12244897959183673,
      0.12371134020618557,
      0.125,
      0.12631578947368421,
      0.1276595744680851,
      0.12903225806451613,
      0.13043478260869565,
      0.13186813186813187,
      0.12222222222222222,
      0.12359550561797752,
      0.125,
      0.12643678160919541,
      0.12790697674418605,
      0.12941176470588237,
      0.11904761904761904,
      0.12048192771084337,
      0.12195121951219512,
      0.12345679012345678,
      0.1125,
      0.11392405063291139,
      0.11538461538461539,
      0.11688311688311688,
      0.11842105263157894,
      0.12,
      0.12162162162162163,
      0.1232876712328767,
      0.125,
      0.1267605633802817,
      0.12857142857142856,
      0.13043478260869565,
      0.1323529411764706,
      0.13432835820895522,
      0.13636363636363635,
      0.13846153846153847,
      0.140625,
      0.14285714285714285,
      0.14516129032258066,
      0.13114754098360656,
      0.13333333333333333,
      0.13559322033898305,
      0.13793103448275862,
      0.14035087719298245,
      0.14285714285714285,
      0.14545454545454545,
      0.14814814814814814,
      0.1509433962264151,
      0.15384615384615385,
      0.1568627450980392,
      0.16,
      0.16326530612244897,
      0.16666666666666666,
      0.1702127659574468,
      0.17391304347826086,
      0.17777777777777778,
      0.18181818181818182,
      0.18604651162790697,
      0.19047619047619047,
      0.1951219512195122,
      0.2,
      0.20512820512820512,
      0.21052631578947367,
      0.21621621621621623,
      0.2222222222222222,
      0.22857142857142856,
      0.23529411764705882,
      0.24242424242424243,
      0.25,
      0.25806451612903225,
      0.26666666666666666,
      0.27586206896551724,
      0.2857142857142857,
      0.2962962962962963,
      0.3076923076923077,
      0.32,
      0.3333333333333333,
      0.34782608695652173,
      0.36363636363636365,
      0.38095238095238093,
      0.4,
      0.42105263157894735,
      0.4444444444444444,
      0.47058823529411764,
      0.4375,
      0.4666666666666667,
      0.5,
      0.5384615384615384,
      0.5833333333333334,
      0.6363636363636364,
      0.7,
      0.6666666666666666,
      0.75,
      0.7142857142857143,
      0.8333333333333334,
      0.8,
      0.75,
      0.6666666666666666,
      0.5,
      0.0,
      1.0
    ],
    "pr_recall": [
      1.0,
      1.0,
      0.9375,
      0.9375,
      0.9375,
      0.9375,
      0.9375,
      0.9375,
      0.875,
      0.875,
      0.875,
      0.875,
      0.8125,
      0.75,
      0.75,
      0.75,
      0.75,
      0.75,
      0.75,
      0.75,
      0.75,
      0.75,
      0.75,
      0.75,
      0.75,
      0.75,
      0.75,
      0.75,
      0.75,
      0.75,
      0.75,
      0.75,
      0.75,
      0.75,
      0.75,
      0.75,
      0.6875,
      0.6875,
      0.6875,
      0.6875,
      0.6875,
      0.6875,
      0.625,
      0.625,
      0.625,
      0.625,
      0.5625,
      0.5625,
      0.5625,
      0.5625,
      0.5625,
      0.5625,
      0.5625,
      0.5625,
      0.5625,
      0.5625,
      0.5625,
      0.5625,
      0.5625,
      0.5625,
      0.5625,
      0.5625,
      0.5625,
      0.5625,
      0.5625,
      0.5,
      0.5,
      0.5,
      0.5,
      0.5,
      0.5,
      0.5,
      0.5,
      0.5,
      0.5,
      0.5,
      0.5,
      0.5,
      0.5,
      0.5,
      0.5,
      0.5,
      0.5,
      0.5,
      0.5,
      0.5,
      0.5,
      0.5,
      0.5,
      0.5,
      0.5,
      0.5,
      0.5,
      0.5,
      0.5,
      0.5,
      0.5,
      0.5,
      0.5,
      0.5,
      0.5,
      0.5,
      0.5,
      0.5,
      0.5,
      0.5,
      0.5,
      0.5,
      0.5,
      0.5,
      0.4375,
      0.4375,
      0.4375,
      0.4375,
      0.4375,
      0.4375,
      0.4375,
      0.375,
      0.375,
      0.3125,
      0.3125,
      0.25,
      0.1875,
      0.125,
      0.0625,
      0.0,
      0.0
    ],