{
  "config_path": "/Users/svenhockers/Desktop/project/topology-and-robustness-in-DNNs/out/synthetic_shapes/baseline/base_e_0.2/configs/trials/trial_000013.json",
  "dataset_name": "synthetic_shapes_2class",
  "metrics_adv": {
    "accuracy": 0.8925,
    "confusion_matrix": [
      [
        164,
        36
      ],
      [
        7,
        193
      ]
    ],
    "f1": 0.8997668997668997,
    "fpr": [
      0.0,
      0.0,
      0.0,
      0.005,
      0.005,
      0.01,
      0.01,
      0.015,
      0.015,
      0.07,
      0.07,
      0.075,
      0.075,
      0.11,
      0.11,
      0.145,
      0.145,
      0.195,
      0.195,
      0.225,
      0.225,
      0.305,
      0.305,
      0.42,
      0.42,
      1.0
    ],
    "fpr_at_tpr95": 0.07,
    "pr_auc": 0.9905198292487742,
    "pr_precision": [
      0.5,
      0.5012531328320802,
      0.5025125628140703,
      0.5037783375314862,
      0.5050505050505051,
      0.5063291139240507,
      0.5076142131979695,
      0.5089058524173028,
      0.5102040816326531,
      0.5115089514066496,
      0.5128205128205128,
      0.5141388174807198,
      0.5154639175257731,
      0.5167958656330749,
      0.5181347150259067,
      0.5194805194805194,
      0.5208333333333334,
      0.5221932114882507,
      0.5235602094240838,
      0.5249343832020997,
      0.5263157894736842,
      0.5277044854881267,
      0.5291005291005291,
      0.5305039787798409,
      0.5319148936170213,
      0.5333333333333333,
      0.5347593582887701,
      0.5361930294906166,
      0.5376344086021505,
      0.5390835579514824,
      0.5405405405405406,
      0.5420054200542005,
      0.5434782608695652,
      0.5449591280653951,
      0.546448087431694,
      0.547945205479452,
      0.5494505494505495,
      0.5509641873278237,
      0.5524861878453039,
      0.554016620498615,
      0.5555555555555556,
      0.5571030640668524,
      0.5586592178770949,
      0.5602240896358543,
      0.5617977528089888,
      0.5633802816901409,
      0.5649717514124294,
      0.56657223796034,
      0.5681818181818182,
      0.5698005698005698,
      0.5714285714285714,
      0.5730659025787965,
      0.5747126436781609,
      0.5763688760806917,
      0.5780346820809249,
      0.5797101449275363,
      0.5813953488372093,
      0.5830903790087464,
      0.5847953216374269,
      0.5865102639296188,
      0.5882352941176471,
      0.5899705014749262,
      0.591715976331361,
      0.5934718100890207,
      0.5952380952380952,
      0.5970149253731343,
      0.5988023952095808,
      0.6006006006006006,
      0.6024096385542169,
      0.6042296072507553,
      0.6060606060606061,
      0.60790273556231,
      0.6097560975609756,
      0.6116207951070336,
      0.6134969325153374,
      0.6153846153846154,
      0.6172839506172839,
      0.6191950464396285,
      0.6211180124223602,
      0.6230529595015576,
      0.625,
      0.6269592476489029,
      0.6289308176100629,
      0.6309148264984227,
      0.6329113924050633,
      0.6349206349206349,
      0.6369426751592356,
      0.6389776357827476,
      0.6410256410256411,
      0.6430868167202572,
      0.6451612903225806,
      0.6472491909385113,
      0.6493506493506493,
      0.6514657980456026,
      0.6535947712418301,
      0.6557377049180327,
      0.6578947368421053,
      0.6600660066006601,
      0.6622516556291391,
      0.6644518272425249,
      0.6666666666666666,
      0.6688963210702341,
      0.6711409395973155,
      0.6734006734006734,
      0.6756756756756757,
      0.6779661016949152,
      0.6802721088435374,
      0.6825938566552902,
      0.684931506849315,
      0.6872852233676976,
      0.6896551724137931,
      0.6920415224913494,
      0.6944444444444444,
      0.6968641114982579,
      0.6993006993006993,
      0.7017543859649122,
      0.704225352112676,
      0.7031802120141343,
      0.7056737588652482,
      0.708185053380783,
      0.7107142857142857,
      0.7132616487455197,
      0.7158273381294964,
      0.7184115523465704,
      0.7210144927536232,
      0.7236363636363636,
      0.7262773722627737,
      0.7289377289377289,
      0.7316176470588235,
      0.7343173431734318,
      0.737037037037037,
      0.7397769516728625,
      0.7425373134328358,
      0.7453183520599251,
      0.7481203007518797,
      0.7509433962264151,
      0.7537878787878788,
      0.7566539923954373,
      0.7595419847328244,
      0.7624521072796935,
      0.7653846153846153,
      0.7644787644787645,
      0.7674418604651163,
      0.7704280155642024,
      0.7734375,
      0.7764705882352941,
      0.7795275590551181,
      0.782608695652174,
      0.7857142857142857,
      0.7888446215139442,
      0.792,
      0.7951807228915663,
      0.7983870967741935,
      0.8016194331983806,
      0.8048780487804879,
      0.8081632653061225,
      0.8114754098360656,
      0.8148148148148148,
      0.8140495867768595,
      0.8132780082987552,
      0.8166666666666667,
      0.8200836820083682,
      0.8235294117647058,
      0.8270042194092827,
      0.8305084745762712,
      0.8340425531914893,
      0.8333333333333334,
      0.8326180257510729,
      0.8318965517241379,
      0.8354978354978355,
      0.8391304347826087,
      0.8427947598253275,
      0.8464912280701754,
      0.8502202643171806,
      0.8539823008849557,
      0.8577777777777778,
      0.8616071428571429,
      0.8654708520179372,
      0.8693693693693694,
      0.8687782805429864,
      0.8727272727272727,
      0.8767123287671232,
      0.8807339449541285,
      0.8847926267281107,
      0.8888888888888888,
      0.8930232558139535,
      0.897196261682243,
      0.8967136150234741,
      0.9009433962264151,
      0.9052132701421801,
      0.9095238095238095,
      0.9138755980861244,
      0.9182692307692307,
      0.9227053140096618,
      0.9271844660194175,
      0.926829268292683,
      0.9313725490196079,
      0.9310344827586207,
      0.9356435643564357,
      0.9402985074626866,
      0.945,
      0.949748743718593,
      0.9545454545454546,
      0.9593908629441624,
      0.9642857142857143,
      0.9692307692307692,
      0.9742268041237113,
      0.9792746113989638,
      0.984375,
      0.9842931937172775,
      0.9894736842105263,
      0.9894179894179894,
      0.9893617021276596,
      0.9893048128342246,
      0.9946236559139785,
      0.9945945945945946,
      0.9945652173913043,
      0.994535519125683,
      0.9945054945054945,
      0.994475138121547,
      0.9944444444444445,
      0.994413407821229,
      0.9943820224719101,
      0.9943502824858758,
      0.9943181818181818,
      0.9942857142857143,
      0.9942528735632183,
      0.9942196531791907,
      1.0,
      1.0,
      1.0,
      1.0,
      1.0,
      1.0,
      1.0,
      1.0,
      1.0,
      1.0,
      1.0,
      1.0,
      1.0,
      1.0,
      1.0,
      1.0,
      1.0,
      1.0,
      1.0,
      1.0,
      1.0,
      1.0,
      1.0,
      1.0,
      1.0,
      1.0,
      1.0,
      1.0,
      1.0,
      1.0,
      1.0,
      1.0,
      1.0,
      1.0,
      1.0,
      1.0,
      1.0,
      1.0,
      1.0,
      1.0,
      1.0,
      1.0,
      1.0,
      1.0,
      1.0,
      1.0,
      1.0,
      1.0,
      1.0,
      1.0,
      1.0,
      1.0,
      1.0,
      1.0,
      1.0,
      1.0,
      1.0,
      1.0,
      1.0,
      1.0,
      1.0,
      1.0,
      1.0,
      1.0
    ],