{
  "config_path": "/Users/svenhockers/Desktop/project/topology-and-robustness-in-DNNs/out/tabular/topology_only/base_e_0.2/configs/trials/trial_000004.json",
  "dataset_name": "TABULAR",
  "metrics_adv": {
    "accuracy": 0.7096774193548387,
    "confusion_matrix": [
      [
        83,
        27
      ],
      [
        9,
        5
      ]
    ],
    "f1": 0.21739130434782608,
    "fpr": [
      0.0,
      0.00909090909090909,
      0.02727272727272727,
      0.02727272727272727,
      0.08181818181818182,
      0.08181818181818182,
      0.14545454545454545,
      0.14545454545454545,
      0.19090909090909092,
      0.19090909090909092,
      0.21818181818181817,
      0.21818181818181817,
      0.24545454545454545,
      0.24545454545454545,
      0.2545454545454545,
      0.2545454545454545,
      0.2636363636363636,
      0.2636363636363636,
      0.2818181818181818,
      0.2818181818181818,
      0.37272727272727274,
      0.37272727272727274,
      0.4,
      0.4,
      0.4818181818181818,
      0.4818181818181818,
      0.5545454545454546,
      0.5545454545454546,
      0.6818181818181818,
      0.6818181818181818,
      1.0
    ],
    "fpr_at_tpr95": 0.6818181818181818,
    "pr_auc": 0.18991671230344712,
    "pr_precision": [
      0.11290322580645161,
      0.11382113821138211,
      0.11475409836065574,
      0.11570247933884298,
      0.11666666666666667,
      0.11764705882352941,
      0.11864406779661017,
      0.11965811965811966,
      0.1206896551724138,
      0.12173913043478261,
      0.12280701754385964,
      0.12389380530973451,
      0.125,
      0.12612612612612611,
      0.12727272727272726,
      0.12844036697247707,
      0.12962962962962962,
      0.1308411214953271,
      0.1320754716981132,
      0.13333333333333333,
      0.1346153846153846,
      0.13592233009708737,
      0.13725490196078433,
      0.13861386138613863,
      0.14,
      0.1414141414141414,
      0.14285714285714285,
      0.14432989690721648,
      0.14583333333333334,
      0.14736842105263157,
      0.14893617021276595,
      0.15053763440860216,
      0.15217391304347827,
      0.15384615384615385,
      0.15555555555555556,
      0.15730337078651685,
      0.14772727272727273,
      0.14942528735632185,
      0.1511627906976744,
      0.15294117647058825,
      0.15476190476190477,
      0.1566265060240964,
      0.15853658536585366,
      0.16049382716049382,
      0.1625,
      0.16455696202531644,
      0.16666666666666666,
      0.16883116883116883,
      0.17105263157894737,
      0.17333333333333334,
      0.17567567567567569,
      0.1643835616438356,
      0.16666666666666666,
      0.16901408450704225,
      0.17142857142857143,
      0.17391304347826086,
      0.17647058823529413,
      0.1791044776119403,
      0.18181818181818182,
      0.18461538461538463,
      0.171875,
      0.1746031746031746,
      0.1774193548387097,
      0.18032786885245902,
      0.18333333333333332,
      0.1864406779661017,
      0.1896551724137931,
      0.19298245614035087,
      0.19642857142857142,
      0.2,
      0.18518518518518517,
      0.18867924528301888,
      0.19230769230769232,
      0.19607843137254902,
      0.18,
      0.1836734693877551,
      0.1875,
      0.19148936170212766,
      0.1956521739130435,
      0.2,
      0.20454545454545456,
      0.20930232558139536,
      0.21428571428571427,
      0.21951219512195122,
      0.225,
      0.20512820512820512,
      0.21052631578947367,
      0.21621621621621623,
      0.19444444444444445,
      0.2,
      0.17647058823529413,
      0.18181818181818182,
      0.15625,
      0.16129032258064516,
      0.16666666666666666,
      0.1724137931034483,
      0.14285714285714285,
      0.14814814814814814,
      0.15384615384615385,
      0.16,
      0.125,
      0.13043478260869565,
      0.13636363636363635,
      0.14285714285714285,
      0.15,
      0.15789473684210525,
      0.1111111111111111,
      0.11764705882352941,
      0.125,
      0.13333333333333333,
      0.14285714285714285,
      0.15384615384615385,
      0.16666666666666666,
      0.18181818181818182,
      0.1,
      0.1111111111111111,
      0.125,
      0.14285714285714285,
      0.16666666666666666,
      0.2,
      0.25,
      0.0,
      0.0,
      0.0,
      1.0
    ],
    "pr_recall": [
      1.0,
      1.0,
      1.0,
      1.0,
      1.0,
      1.0,
      1.0,
      1.0,
      1.0,
      1.0,
      1.0,
      1.0,
      1.0,
      1.0,
      1.0,
      1.0,
      1.0,
      1.0,
      1.0,
      1.0,
      1.0,
      1.0,
      1.0,
      1.0,
      1.0,
      1.0,
      1.0,
      1.0,
      1.0,
      1.0,
      1.0,
      1.0,
      1.0,
      1.0,
      1.0,
      1.0,
      0.9285714285714286,
      0.9285714285714286,
      0.9285714285714286,
      0.9285714285714286,
      0.9285714285714286,
      0.9285714285714286,
      0.9285714285714286,
      0.9285714285714286,
      0.9285714285714286,
      0.9285714285714286,
      0.9285714285714286,
      0.9285714285714286,
      0.9285714285714286,
      0.9285714285714286,
      0.9285714285714286,
      0.8571428571428571,
      0.8571428571428571,
      0.8571428571428571,
      0.8571428571428571,
      0.8571428571428571,
      0.8571428571428571,
      0.8571428571428571,
      0.8571428571428571,
      0.8571428571428571,
      0.7857142857142857,
      0.7857142857142857,
      0.7857142857142857,
      0.7857142857142857,
      0.7857142857142857,
      0.7857142857142857,
      0.7857142857142857,
      0.7857142857142857,
      0.7857142857142857,
      0.7857142857142857,
      0.7142857142857143,
      0.7142857142857143,
      0.7142857142857143,
      0.7142857142857143,
      0.6428571428571429,
      0.6428571428571429,
      0.6428571428571429,
      0.6428571428571429,
      0.6428571428571429,
      0.6428571428571429,
      0.6428571428571429,
      0.6428571428571429,
      0.6428571428571429,
      0.6428571428571429,
      0.6428571428571429,
      0.5714285714285714,
      0.5714285714285714,
      0.5714285714285714,
      0.5,
      0.5,
      0.42857142857142855,
      0.42857142857142855,
      0.35714285714285715,
      0.35714285714285715,
      0.35714285714285715,
      0.35714285714285715,
      0.2857142857142857,
      0.2857142857142857,
      0.2857142857142857,
      0.2857142857142857,
      0.21428571428571427,
      0.21428571428571427,
      0.21428571428571427,
      0.21428571428571427,
      0.21428571428571427,
      0.21428571428571427,
      0.14285714285714285,
      0.14285714285714285,
      0.14285714285714285,
      0.14285714285714285,
      0.14285714285714285,
      0.14285714285714285,
      0.14285714285714285,
      0.14285714285714285,
      0.07142857142857142,
      0.07142857142857142,
      0.07142857142857142,
      0.07142857142857142,
      0.07142857142857142,
      0.07142857142857142,
      0.07142857142857142,
      0.0,
      0.0,
      0.0,
      0.0
    ],