{
  "config_path": "/Users/svenhockers/Desktop/project/topology-and-robustness-in-DNNs/out/tabular/topology_only/base_e_0.1/configs/trials/trial_000011.json",
  "dataset_name": "TABULAR",
  "metrics_adv": {
    "accuracy": 0.7435897435897436,
    "confusion_matrix": [
      [
        83,
        27
      ],
      [
        3,
        4
      ]
    ],
    "f1": 0.2105263157894737,
    "fpr": [
      0.0,
      0.00909090909090909,
      0.05454545454545454,
      0.05454545454545454,
      0.08181818181818182,
      0.08181818181818182,
      0.12727272727272726,
      0.12727272727272726,
      0.16363636363636364,
      0.16363636363636364,
      0.32727272727272727,
      0.32727272727272727,
      0.35454545454545455,
      0.35454545454545455,
      0.7727272727272727,
      0.7727272727272727,
      1.0
    ],
    "fpr_at_tpr95": 0.7727272727272727,
    "pr_auc": 0.1449050862994383,
    "pr_precision": [
      0.05982905982905983,
      0.0603448275862069,
      0.06086956521739131,
      0.06140350877192982,
      0.061946902654867256,
      0.0625,
      0.06306306306306306,
      0.06363636363636363,
      0.06422018348623854,
      0.06481481481481481,
      0.06542056074766354,
      0.0660377358490566,
      0.06666666666666667,
      0.0673076923076923,
      0.06796116504854369,
      0.06862745098039216,
      0.06930693069306931,
      0.07,
      0.0707070707070707,
      0.07142857142857142,
      0.07216494845360824,
      0.07291666666666667,
      0.07368421052631578,
      0.07446808510638298,
      0.07526881720430108,
      0.07608695652173914,
      0.06593406593406594,
      0.06666666666666667,
      0.06741573033707865,
      0.06818181818181818,
      0.06896551724137931,
      0.06976744186046512,
      0.07058823529411765,
      0.07142857142857142,
      0.07228915662650602,
      0.07317073170731707,
      0.07407407407407407,
      0.075,
      0.0759493670886076,
      0.07692307692307693,
      0.07792207792207792,
      0.07894736842105263,
      0.08,
      0.08108108108108109,
      0.0821917808219178,
      0.08333333333333333,
      0.08450704225352113,
      0.08571428571428572,
      0.08695652173913043,
      0.08823529411764706,
      0.08955223880597014,
      0.09090909090909091,
      0.09230769230769231,
      0.09375,
      0.09523809523809523,
      0.0967741935483871,
      0.09836065573770492,
      0.1,
      0.1016949152542373,
      0.10344827586206896,
      0.10526315789473684,
      0.10714285714285714,
      0.10909090909090909,
      0.1111111111111111,
      0.11320754716981132,
      0.11538461538461539,
      0.11764705882352941,
      0.12,
      0.12244897959183673,
      0.125,
      0.1276595744680851,
      0.13043478260869565,
      0.13333333333333333,
      0.11363636363636363,
      0.11627906976744186,
      0.11904761904761904,
      0.12195121951219512,
      0.1,
      0.10256410256410256,
      0.10526315789473684,
      0.10810810810810811,
      0.1111111111111111,
      0.11428571428571428,
      0.11764705882352941,
      0.12121212121212122,
      0.125,
      0.12903225806451613,
      0.13333333333333333,
      0.13793103448275862,
      0.14285714285714285,
      0.14814814814814814,
      0.15384615384615385,
      0.16,
      0.16666666666666666,
      0.17391304347826086,
      0.18181818181818182,
      0.14285714285714285,
      0.15,
      0.15789473684210525,
      0.16666666666666666,
      0.17647058823529413,
      0.125,
      0.13333333333333333,
      0.14285714285714285,
      0.15384615384615385,
      0.16666666666666666,
      0.18181818181818182,
      0.1,
      0.1111111111111111,
      0.125,
      0.14285714285714285,
      0.0,
      0.0,
      0.0,
      0.0,
      0.0,
      0.0,
      1.0
    ],
    "pr_recall": [
      1.0,
      1.0,
      1.0,
      1.0,
      1.0,
      1.0,
      1.0,
      1.0,
      1.0,
      1.0,
      1.0,
      1.0,
      1.0,
      1.0,
      1.0,
      1.0,
      1.0,
      1.0,
      1.0,
      1.0,
      1.0,
      1.0,
      1.0,
      1.0,
      1.0,
      1.0,
      0.8571428571428571,
      0.8571428571428571,
      0.8571428571428571,
      0.8571428571428571,
      0.8571428571428571,
      0.8571428571428571,
      0.8571428571428571,
      0.8571428571428571,
      0.8571428571428571,
      0.8571428571428571,
      0.8571428571428571,
      0.8571428571428571,
      0.8571428571428571,
      0.8571428571428571,
      0.8571428571428571,
      0.8571428571428571,
      0.8571428571428571,
      0.8571428571428571,
      0.8571428571428571,
      0.8571428571428571,
      0.8571428571428571,
      0.8571428571428571,
      0.8571428571428571,
      0.8571428571428571,
      0.8571428571428571,
      0.8571428571428571,
      0.8571428571428571,
      0.8571428571428571,
      0.8571428571428571,
      0.8571428571428571,
      0.8571428571428571,
      0.8571428571428571,
      0.8571428571428571,
      0.8571428571428571,
      0.8571428571428571,
      0.8571428571428571,
      0.8571428571428571,
      0.8571428571428571,
      0.8571428571428571,
      0.8571428571428571,
      0.8571428571428571,
      0.8571428571428571,
      0.8571428571428571,
      0.8571428571428571,
      0.8571428571428571,
      0.8571428571428571,
      0.8571428571428571,
      0.7142857142857143,
      0.7142857142857143,
      0.7142857142857143,
      0.7142857142857143,
      0.5714285714285714,
      0.5714285714285714,
      0.5714285714285714,
      0.5714285714285714,
      0.5714285714285714,
      0.5714285714285714,
      0.5714285714285714,
      0.5714285714285714,
      0.5714285714285714,
      0.5714285714285714,
      0.5714285714285714,
      0.5714285714285714,
      0.5714285714285714,
      0.5714285714285714,
      0.5714285714285714,
      0.5714285714285714,
      0.5714285714285714,
      0.5714285714285714,
      0.5714285714285714,
      0.42857142857142855,
      0.42857142857142855,
      0.42857142857142855,
      0.42857142857142855,
      0.42857142857142855,
      0.2857142857142857,
      0.2857142857142857,
      0.2857142857142857,
      0.2857142857142857,
      0.2857142857142857,
      0.2857142857142857,
      0.14285714285714285,
      0.14285714285714285,
      0.14285714285714285,
      0.14285714285714285,
      0.0,
      0.0,
      0.0,
      0.0,
      0.0,
      0.0,
      0.0
    ],