{
  "config_path": "/Users/svenhockers/Desktop/project/topology-and-robustness-in-DNNs/out/tabular/base_e_0.3/configs/trials/trial_000001.json",
  "dataset_name": "TABULAR",
  "metrics_adv": {
    "accuracy": 0.7619047619047619,
    "confusion_matrix": [
      [
        93,
        17
      ],
      [
        13,
        3
      ]
    ],
    "f1": 0.16666666666666663,
    "fpr": [
      0.0,
      0.00909090909090909,
      0.03636363636363636,
      0.03636363636363636,
      0.07272727272727272,
      0.07272727272727272,
      0.15454545454545454,
      0.15454545454545454,
      0.19090909090909092,
      0.19090909090909092,
      0.20909090909090908,
      0.20909090909090908,
      0.35454545454545455,
      0.35454545454545455,
      0.39090909090909093,
      0.39090909090909093,
      0.42727272727272725,
      0.42727272727272725,
      0.509090909090909,
      0.509090909090909,
      0.5818181818181818,
      0.5818181818181818,
      0.5909090909090909,
      0.5909090909090909,
      0.6272727272727273,
      0.6272727272727273,
      0.7545454545454545,
      0.7545454545454545,
      0.7909090909090909,
      0.7909090909090909,
      0.9272727272727272,
      0.9272727272727272,
      1.0
    ],
    "fpr_at_tpr95": 0.9272727272727272,
    "pr_auc": 0.16279771401992554,
    "pr_precision": [
      0.12698412698412698,
      0.128,
      0.12903225806451613,
      0.13008130081300814,
      0.13114754098360656,
      0.1322314049586777,
      0.13333333333333333,
      0.13445378151260504,
      0.13559322033898305,
      0.1282051282051282,
      0.12931034482758622,
      0.13043478260869565,
      0.13157894736842105,
      0.13274336283185842,
      0.13392857142857142,
      0.13513513513513514,
      0.13636363636363635,
      0.13761467889908258,
      0.1388888888888889,
      0.14018691588785046,
      0.14150943396226415,
      0.14285714285714285,
      0.14423076923076922,
      0.14563106796116504,
      0.14705882352941177,
      0.13861386138613863,
      0.14,
      0.1414141414141414,
      0.14285714285714285,
      0.14432989690721648,
      0.13541666666666666,
      0.1368421052631579,
      0.13829787234042554,
      0.13978494623655913,
      0.14130434782608695,
      0.14285714285714285,
      0.14444444444444443,
      0.14606741573033707,
      0.14772727272727273,
      0.14942528735632185,
      0.1511627906976744,
      0.15294117647058825,
      0.15476190476190477,
      0.1566265060240964,
      0.15853658536585366,
      0.14814814814814814,
      0.15,
      0.1518987341772152,
      0.15384615384615385,
      0.15584415584415584,
      0.14473684210526316,
      0.14666666666666667,
      0.13513513513513514,
      0.136986301369863,
      0.1388888888888889,
      0.14084507042253522,
      0.14285714285714285,
      0.14492753623188406,
      0.14705882352941177,
      0.14925373134328357,
      0.15151515151515152,
      0.13846153846153847,
      0.140625,
      0.14285714285714285,
      0.14516129032258066,
      0.14754098360655737,
      0.15,
      0.15254237288135594,
      0.15517241379310345,
      0.15789473684210525,
      0.16071428571428573,
      0.14545454545454545,
      0.14814814814814814,
      0.1509433962264151,
      0.15384615384615385,
      0.1568627450980392,
      0.14,
      0.14285714285714285,
      0.14583333333333334,
      0.14893617021276595,
      0.15217391304347827,
      0.13333333333333333,
      0.13636363636363635,
      0.13953488372093023,
      0.14285714285714285,
      0.14634146341463414,
      0.15,
      0.15384615384615385,
      0.15789473684210525,
      0.16216216216216217,
      0.16666666666666666,
      0.17142857142857143,
      0.17647058823529413,
      0.18181818181818182,
      0.1875,
      0.1935483870967742,
      0.2,
      0.20689655172413793,
      0.17857142857142858,
      0.14814814814814814,
      0.15384615384615385,
      0.16,
      0.125,
      0.13043478260869565,
      0.13636363636363635,
      0.14285714285714285,
      0.15,
      0.10526315789473684,
      0.1111111111111111,
      0.11764705882352941,
      0.125,
      0.13333333333333333,
      0.14285714285714285,
      0.15384615384615385,
      0.16666666666666666,
      0.18181818181818182,
      0.2,
      0.1111111111111111,
      0.125,
      0.14285714285714285,
      0.16666666666666666,
      0.2,
      0.0,
      0.0,
      0.0,
      0.0,
      1.0
    ],
    "pr_recall": [
      1.0,
      1.0,
      1.0,
      1.0,
      1.0,
      1.0,
      1.0,
      1.0,
      1.0,
      0.9375,
      0.9375,
      0.9375,
      0.9375,
      0.9375,
      0.9375,
      0.9375,
      0.9375,
      0.9375,
      0.9375,
      0.9375,
      0.9375,
      0.9375,
      0.9375,
      0.9375,
      0.9375,
      0.875,
      0.875,
      0.875,
      0.875,
      0.875,
      0.8125,
      0.8125,
      0.8125,
      0.8125,
      0.8125,
      0.8125,
      0.8125,
      0.8125,
      0.8125,
      0.8125,
      0.8125,
      0.8125,
      0.8125,
      0.8125,
      0.8125,
      0.75,
      0.75,
      0.75,
      0.75,
      0.75,
      0.6875,
      0.6875,
      0.625,
      0.625,
      0.625,
      0.625,
      0.625,
      0.625,
      0.625,
      0.625,
      0.625,
      0.5625,
      0.5625,
      0.5625,
      0.5625,
      0.5625,
      0.5625,
      0.5625,
      0.5625,
      0.5625,
      0.5625,
      0.5,
      0.5,
      0.5,
      0.5,
      0.5,
      0.4375,
      0.4375,
      0.4375,
      0.4375,
      0.4375,
      0.375,
      0.375,
      0.375,
      0.375,
      0.375,
      0.375,
      0.375,
      0.375,
      0.375,
      0.375,
      0.375,
      0.375,
      0.375,
      0.375,
      0.375,
      0.375,
      0.375,
      0.3125,
      0.25,
      0.25,
      0.25,
      0.1875,
      0.1875,
      0.1875,
      0.1875,
      0.1875,
      0.125,
      0.125,
      0.125,
      0.125,
      0.125,
      0.125,
      0.125,
      0.125,
      0.125,
      0.125,
      0.0625,
      0.0625,
      0.0625,
      0.0625,
      0.0625,
      0.0,
      0.0,
      0.0,
      0.0,
      0.0
    ],