{
  "config_path": "/Users/svenhockers/Desktop/project/topology-and-robustness-in-DNNs/out/tabular/base_e_0.2/configs/trials/trial_000006.json",
  "dataset_name": "TABULAR",
  "metrics_adv": {
    "accuracy": 0.8548387096774194,
    "confusion_matrix": [
      [
        106,
        4
      ],
      [
        14,
        0
      ]
    ],
    "f1": 0.0,
    "fpr": [
      0.0,
      0.00909090909090909,
      0.09090909090909091,
      0.09090909090909091,
      0.3090909090909091,
      0.3090909090909091,
      0.32727272727272727,
      0.32727272727272727,
      0.33636363636363636,
      0.33636363636363636,
      0.39090909090909093,
      0.39090909090909093,
      0.6909090909090909,
      0.6909090909090909,
      0.7909090909090909,
      0.7909090909090909,
      0.8,
      0.8,
      0.8636363636363636,
      0.8636363636363636,
      0.9181818181818182,
      0.9181818181818182,
      0.9454545454545454,
      0.9454545454545454,
      0.990909090909091,
      0.990909090909091,
      1.0,
      1.0
    ],
    "fpr_at_tpr95": 1.0,
    "pr_auc": 0.09037373433113574,
    "pr_precision": [
      0.11290322580645161,
      0.10569105691056911,
      0.10655737704918032,
      0.09917355371900827,
      0.1,
      0.10084033613445378,
      0.1016949152542373,
      0.10256410256410256,
      0.10344827586206896,
      0.09565217391304348,
      0.09649122807017543,
      0.09734513274336283,
      0.09821428571428571,
      0.09009009009009009,
      0.09090909090909091,
      0.09174311926605505,
      0.09259259259259259,
      0.09345794392523364,
      0.09433962264150944,
      0.09523809523809523,
      0.08653846153846154,
      0.08737864077669903,
      0.08823529411764706,
      0.0891089108910891,
      0.09,
      0.09090909090909091,
      0.09183673469387756,
      0.09278350515463918,
      0.08333333333333333,
      0.07368421052631578,
      0.07446808510638298,
      0.06451612903225806,
      0.06521739130434782,
      0.06593406593406594,
      0.06666666666666667,
      0.06741573033707865,
      0.06818181818181818,
      0.06896551724137931,
      0.06976744186046512,
      0.07058823529411765,
      0.07142857142857142,
      0.07228915662650602,
      0.07317073170731707,
      0.06172839506172839,
      0.0625,
      0.06329113924050633,
      0.0641025641025641,
      0.06493506493506493,
      0.06578947368421052,
      0.06666666666666667,
      0.06756756756756757,
      0.0684931506849315,
      0.06944444444444445,
      0.07042253521126761,
      0.07142857142857142,
      0.07246376811594203,
      0.07352941176470588,
      0.07462686567164178,
      0.07575757575757576,
      0.07692307692307693,
      0.078125,
      0.07936507936507936,
      0.08064516129032258,
      0.08196721311475409,
      0.08333333333333333,
      0.0847457627118644,
      0.08620689655172414,
      0.08771929824561403,
      0.08928571428571429,
      0.09090909090909091,
      0.09259259259259259,
      0.09433962264150944,
      0.09615384615384616,
      0.09803921568627451,
      0.1,
      0.10204081632653061,
      0.10416666666666667,
      0.0851063829787234,
      0.08695652173913043,
      0.08888888888888889,
      0.09090909090909091,
      0.09302325581395349,
      0.09523809523809523,
      0.0975609756097561,
      0.075,
      0.07692307692307693,
      0.05263157894736842,
      0.05405405405405406,
      0.05555555555555555,
      0.02857142857142857,
      0.029411764705882353,
      0.030303030303030304,
      0.03125,
      0.03225806451612903,
      0.03333333333333333,
      0.034482758620689655,
      0.03571428571428571,
      0.037037037037037035,
      0.038461538461538464,
      0.04,
      0.041666666666666664,
      0.043478260869565216,
      0.045454545454545456,
      0.047619047619047616,
      0.05,
      0.05263157894736842,
      0.05555555555555555,
      0.058823529411764705,
      0.0625,
      0.06666666666666667,
      0.07142857142857142,
      0.07692307692307693,
      0.08333333333333333,
      0.09090909090909091,
      0.0,
      0.0,
      0.0,
      0.0,
      0.0,
      0.0,
      0.0,
      0.0,
      0.0,
      0.0,
      1.0
    ],
    "pr_recall": [
      1.0,
      0.9285714285714286,
      0.9285714285714286,
      0.8571428571428571,
      0.8571428571428571,
      0.8571428571428571,
      0.8571428571428571,
      0.8571428571428571,
      0.8571428571428571,
      0.7857142857142857,
      0.7857142857142857,
      0.7857142857142857,
      0.7857142857142857,
      0.7142857142857143,
      0.7142857142857143,
      0.7142857142857143,
      0.7142857142857143,
      0.7142857142857143,
      0.7142857142857143,
      0.7142857142857143,
      0.6428571428571429,
      0.6428571428571429,
      0.6428571428571429,
      0.6428571428571429,
      0.6428571428571429,
      0.6428571428571429,
      0.6428571428571429,
      0.6428571428571429,
      0.5714285714285714,
      0.5,
      0.5,
      0.42857142857142855,
      0.42857142857142855,
      0.42857142857142855,
      0.42857142857142855,
      0.42857142857142855,
      0.42857142857142855,
      0.42857142857142855,
      0.42857142857142855,
      0.42857142857142855,
      0.42857142857142855,
      0.42857142857142855,
      0.42857142857142855,
      0.35714285714285715,
      0.35714285714285715,
      0.35714285714285715,
      0.35714285714285715,
      0.35714285714285715,
      0.35714285714285715,
      0.35714285714285715,
      0.35714285714285715,
      0.35714285714285715,
      0.35714285714285715,
      0.35714285714285715,
      0.35714285714285715,
      0.35714285714285715,
      0.35714285714285715,
      0.35714285714285715,
      0.35714285714285715,
      0.35714285714285715,
      0.35714285714285715,
      0.35714285714285715,
      0.35714285714285715,
      0.35714285714285715,
      0.35714285714285715,
      0.35714285714285715,
      0.35714285714285715,
      0.35714285714285715,
      0.35714285714285715,
      0.35714285714285715,
      0.35714285714285715,
      0.35714285714285715,
      0.35714285714285715,
      0.35714285714285715,
      0.35714285714285715,
      0.35714285714285715,
      0.35714285714285715,
      0.2857142857142857,
      0.2857142857142857,
      0.2857142857142857,
      0.2857142857142857,
      0.2857142857142857,
      0.2857142857142857,
      0.2857142857142857,
      0.21428571428571427,
      0.21428571428571427,
      0.14285714285714285,
      0.14285714285714285,
      0.14285714285714285,
      0.07142857142857142,
      0.07142857142857142,
      0.07142857142857142,
      0.07142857142857142,
      0.07142857142857142,
      0.07142857142857142,
      0.07142857142857142,
      0.07142857142857142,
      0.07142857142857142,
      0.07142857142857142,
      0.07142857142857142,
      0.07142857142857142,
      0.07142857142857142,
      0.07142857142857142,
      0.07142857142857142,
      0.07142857142857142,
      0.07142857142857142,
      0.07142857142857142,
      0.07142857142857142,
      0.07142857142857142,
      0.07142857142857142,
      0.07142857142857142,
      0.07142857142857142,
      0.07142857142857142,
      0.07142857142857142,
      0.0,
      0.0,
      0.0,
      0.0,
      0.0,
      0.0,
      0.0,
      0.0,
      0.0,
      0.0,
      0.0
    ],