{
  "config_path": "/Users/svenhockers/Desktop/project/topology-and-robustness-in-DNNs/out/torus_one_hole/base_torus_one_hole_e_0.1/configs/trials/trial_000006.json",
  "dataset_name": "VECTOR",
  "metrics_adv": {
    "accuracy": 0.9471544715447154,
    "confusion_matrix": [
      [
        232,
        8
      ],
      [
        5,
        1
      ]
    ],
    "f1": 0.13333333333333333,
    "fpr": [
      0.0,
      0.004166666666666667,
      0.004166666666666667,
      0.0875,
      0.0875,
      0.35,
      0.35,
      0.5375,
      0.5375,
      0.6166666666666667,
      0.6166666666666667,
      0.8083333333333333,
      0.8083333333333333,
      1.0
    ],
    "fpr_at_tpr95": 0.8083333333333333,
    "pr_auc": 0.11903236781530607,
    "pr_precision": [
      0.024390243902439025,
      0.024489795918367346,
      0.02459016393442623,
      0.024691358024691357,
      0.024793388429752067,
      0.024896265560165973,
      0.025,
      0.02510460251046025,
      0.025210084033613446,
      0.02531645569620253,
      0.025423728813559324,
      0.02553191489361702,
      0.02564102564102564,
      0.02575107296137339,
      0.02586206896551724,
      0.025974025974025976,
      0.02608695652173913,
      0.026200873362445413,
      0.02631578947368421,
      0.02643171806167401,
      0.02654867256637168,
      0.02666666666666667,
      0.026785714285714284,
      0.026905829596412557,
      0.02702702702702703,
      0.027149321266968326,
      0.02727272727272727,
      0.0273972602739726,
      0.027522935779816515,
      0.027649769585253458,
      0.027777777777777776,
      0.027906976744186046,
      0.028037383177570093,
      0.028169014084507043,
      0.02830188679245283,
      0.02843601895734597,
      0.02857142857142857,
      0.028708133971291867,
      0.028846153846153848,
      0.028985507246376812,
      0.02912621359223301,
      0.02926829268292683,
      0.029411764705882353,
      0.029556650246305417,
      0.0297029702970297,
      0.029850746268656716,
      0.03,
      0.02512562814070352,
      0.025252525252525252,
      0.025380710659898477,
      0.025510204081632654,
      0.02564102564102564,
      0.02577319587628866,
      0.025906735751295335,
      0.026041666666666668,
      0.02617801047120419,
      0.02631578947368421,
      0.026455026455026454,
      0.026595744680851064,
      0.026737967914438502,
      0.026881720430107527,
      0.02702702702702703,
      0.02717391304347826,
      0.0273224043715847,
      0.027472527472527472,
      0.027624309392265192,
      0.027777777777777776,
      0.027932960893854747,
      0.028089887640449437,
      0.02824858757062147,
      0.028409090909090908,
      0.02857142857142857,
      0.028735632183908046,
      0.028901734104046242,
      0.029069767441860465,
      0.029239766081871343,
      0.029411764705882353,
      0.029585798816568046,
      0.02976190476190476,
      0.029940119760479042,
      0.030120481927710843,
      0.030303030303030304,
      0.03048780487804878,
      0.03067484662576687,
      0.030864197530864196,
      0.031055900621118012,
      0.03125,
      0.031446540880503145,
      0.03164556962025317,
      0.03184713375796178,
      0.03205128205128205,
      0.03225806451612903,
      0.032467532467532464,
      0.032679738562091505,
      0.02631578947368421,
      0.026490066225165563,
      0.02666666666666667,
      0.026845637583892617,
      0.02702702702702703,
      0.027210884353741496,
      0.0273972602739726,
      0.027586206896551724,
      0.027777777777777776,
      0.027972027972027972,
      0.028169014084507043,
      0.028368794326241134,
      0.02857142857142857,
      0.02877697841726619,
      0.028985507246376812,
      0.029197080291970802,
      0.029411764705882353,
      0.02962962962962963,
      0.029850746268656716,
      0.03007518796992481,
      0.022727272727272728,
      0.022900763358778626,
      0.023076923076923078,
      0.023255813953488372,
      0.0234375,
      0.023622047244094488,
      0.023809523809523808,
      0.024,
      0.024193548387096774,
      0.024390243902439025,
      0.02459016393442623,
      0.024793388429752067,
      0.025,
      0.025210084033613446,
      0.025423728813559324,
      0.02564102564102564,
      0.02586206896551724,
      0.02608695652173913,
      0.02631578947368421,
      0.02654867256637168,
      0.026785714285714284,
      0.02702702702702703,
      0.02727272727272727,
      0.027522935779816515,
      0.027777777777777776,
      0.028037383177570093,
      0.02830188679245283,
      0.02857142857142857,
      0.028846153846153848,
      0.02912621359223301,
      0.029411764705882353,
      0.0297029702970297,
      0.03,
      0.030303030303030304,
      0.030612244897959183,
      0.030927835051546393,
      0.03125,
      0.031578947368421054,
      0.031914893617021274,
      0.03225806451612903,
      0.03260869565217391,
      0.03296703296703297,
      0.03333333333333333,
      0.033707865168539325,
      0.03409090909090909,
      0.034482758620689655,
      0.023255813953488372,
      0.023529411764705882,
      0.023809523809523808,
      0.024096385542168676,
      0.024390243902439025,
      0.024691358024691357,
      0.025,
      0.02531645569620253,
      0.02564102564102564,
      0.025974025974025976,
      0.02631578947368421,
      0.02666666666666667,
      0.02702702702702703,
      0.0273972602739726,
      0.027777777777777776,
      0.028169014084507043,
      0.02857142857142857,
      0.028985507246376812,
      0.029411764705882353,
      0.029850746268656716,
      0.030303030303030304,
      0.03076923076923077,
      0.03125,
      0.031746031746031744,
      0.03225806451612903,
      0.03278688524590164,
      0.03333333333333333,
      0.03389830508474576,
      0.034482758620689655,
      0.03508771929824561,
      0.03571428571428571,
      0.03636363636363636,
      0.037037037037037035,
      0.03773584905660377,
      0.038461538461538464,
      0.0392156862745098,
      0.04,
      0.04081632653061224,
      0.041666666666666664,
      0.0425531914893617,
      0.043478260869565216,
      0.044444444444444446,
      0.045454545454545456,
      0.046511627906976744,
      0.047619047619047616,
      0.04878048780487805,
      0.05,
      0.05128205128205128,
      0.05263157894736842,
      0.05405405405405406,
      0.05555555555555555,
      0.05714285714285714,
      0.058823529411764705,
      0.06060606060606061,
      0.0625,
      0.06451612903225806,
      0.06666666666666667,
      0.06896551724137931,
      0.07142857142857142,
      0.07407407407407407,
      0.07692307692307693,
      0.08,
      0.08333333333333333,
      0.08695652173913043,
      0.045454545454545456,
      0.047619047619047616,
      0.05,
      0.05263157894736842,
      0.05555555555555555,
      0.058823529411764705,
      0.0625,
      0.06666666666666667,
      0.07142857142857142,
      0.07692307692307693,
      0.08333333333333333,
      0.09090909090909091,
      0.1,
      0.1111111111111111,
      0.125,
      0.14285714285714285,
      0.16666666666666666,
      0.2,
      0.25,
      0.3333333333333333,
      0.5,
      0.0,
      1.0
    ],