{
  "config_path": "/Users/svenhockers/Desktop/project/topology-and-robustness-in-DNNs/out/tabular/base_e_0.1/configs/trials/trial_000003.json",
  "dataset_name": "TABULAR",
  "metrics_adv": {
    "accuracy": 0.8290598290598291,
    "confusion_matrix": [
      [
        95,
        15
      ],
      [
        5,
        2
      ]
    ],
    "f1": 0.16666666666666666,
    "fpr": [
      0.0,
      0.00909090909090909,
      0.01818181818181818,
      0.01818181818181818,
      0.17272727272727273,
      0.17272727272727273,
      0.2636363636363636,
      0.2636363636363636,
      0.3,
      0.3,
      0.5454545454545454,
      0.5454545454545454,
      0.5545454545454546,
      0.5545454545454546,
      1.0
    ],
    "fpr_at_tpr95": 0.5545454545454546,
    "pr_auc": 0.20233404366531302,
    "pr_precision": [
      0.05982905982905983,
      0.0603448275862069,
      0.06086956521739131,
      0.06140350877192982,
      0.061946902654867256,
      0.0625,
      0.06306306306306306,
      0.06363636363636363,
      0.06422018348623854,
      0.06481481481481481,
      0.06542056074766354,
      0.0660377358490566,
      0.06666666666666667,
      0.0673076923076923,
      0.06796116504854369,
      0.06862745098039216,
      0.06930693069306931,
      0.07,
      0.0707070707070707,
      0.07142857142857142,
      0.07216494845360824,
      0.07291666666666667,
      0.07368421052631578,
      0.07446808510638298,
      0.07526881720430108,
      0.07608695652173914,
      0.07692307692307693,
      0.07777777777777778,
      0.07865168539325842,
      0.07954545454545454,
      0.08045977011494253,
      0.08139534883720931,
      0.08235294117647059,
      0.08333333333333333,
      0.08433734939759036,
      0.08536585365853659,
      0.08641975308641975,
      0.0875,
      0.08860759493670886,
      0.08974358974358974,
      0.09090909090909091,
      0.09210526315789473,
      0.09333333333333334,
      0.0945945945945946,
      0.0958904109589041,
      0.09722222222222222,
      0.09859154929577464,
      0.1,
      0.10144927536231885,
      0.10294117647058823,
      0.08955223880597014,
      0.09090909090909091,
      0.07692307692307693,
      0.078125,
      0.07936507936507936,
      0.08064516129032258,
      0.08196721311475409,
      0.08333333333333333,
      0.0847457627118644,
      0.08620689655172414,
      0.08771929824561403,
      0.08928571428571429,
      0.09090909090909091,
      0.09259259259259259,
      0.09433962264150944,
      0.09615384615384616,
      0.09803921568627451,
      0.1,
      0.10204081632653061,
      0.10416666666666667,
      0.10638297872340426,
      0.10869565217391304,
      0.1111111111111111,
      0.11363636363636363,
      0.11627906976744186,
      0.11904761904761904,
      0.12195121951219512,
      0.125,
      0.1282051282051282,
      0.13157894736842105,
      0.10810810810810811,
      0.1111111111111111,
      0.11428571428571428,
      0.11764705882352941,
      0.12121212121212122,
      0.09375,
      0.0967741935483871,
      0.1,
      0.10344827586206896,
      0.10714285714285714,
      0.1111111111111111,
      0.11538461538461539,
      0.12,
      0.125,
      0.13043478260869565,
      0.13636363636363635,
      0.09523809523809523,
      0.1,
      0.10526315789473684,
      0.1111111111111111,
      0.11764705882352941,
      0.125,
      0.13333333333333333,
      0.14285714285714285,
      0.15384615384615385,
      0.16666666666666666,
      0.18181818181818182,
      0.2,
      0.2222222222222222,
      0.25,
      0.2857142857142857,
      0.3333333333333333,
      0.4,
      0.5,
      0.3333333333333333,
      0.0,
      0.0,
      1.0
    ],
    "pr_recall": [
      1.0,
      1.0,
      1.0,
      1.0,
      1.0,
      1.0,
      1.0,
      1.0,
      1.0,
      1.0,
      1.0,
      1.0,
      1.0,
      1.0,
      1.0,
      1.0,
      1.0,
      1.0,
      1.0,
      1.0,
      1.0,
      1.0,
      1.0,
      1.0,
      1.0,
      1.0,
      1.0,
      1.0,
      1.0,
      1.0,
      1.0,
      1.0,
      1.0,
      1.0,
      1.0,
      1.0,
      1.0,
      1.0,
      1.0,
      1.0,
      1.0,
      1.0,
      1.0,
      1.0,
      1.0,
      1.0,
      1.0,
      1.0,
      1.0,
      1.0,
      0.8571428571428571,
      0.8571428571428571,
      0.7142857142857143,
      0.7142857142857143,
      0.7142857142857143,
      0.7142857142857143,
      0.7142857142857143,
      0.7142857142857143,
      0.7142857142857143,
      0.7142857142857143,
      0.7142857142857143,
      0.7142857142857143,
      0.7142857142857143,
      0.7142857142857143,
      0.7142857142857143,
      0.7142857142857143,
      0.7142857142857143,
      0.7142857142857143,
      0.7142857142857143,
      0.7142857142857143,
      0.7142857142857143,
      0.7142857142857143,
      0.7142857142857143,
      0.7142857142857143,
      0.7142857142857143,
      0.7142857142857143,
      0.7142857142857143,
      0.7142857142857143,
      0.7142857142857143,
      0.7142857142857143,
      0.5714285714285714,
      0.5714285714285714,
      0.5714285714285714,
      0.5714285714285714,
      0.5714285714285714,
      0.42857142857142855,
      0.42857142857142855,
      0.42857142857142855,
      0.42857142857142855,
      0.42857142857142855,
      0.42857142857142855,
      0.42857142857142855,
      0.42857142857142855,
      0.42857142857142855,
      0.42857142857142855,
      0.42857142857142855,
      0.2857142857142857,
      0.2857142857142857,
      0.2857142857142857,
      0.2857142857142857,
      0.2857142857142857,
      0.2857142857142857,
      0.2857142857142857,
      0.2857142857142857,
      0.2857142857142857,
      0.2857142857142857,
      0.2857142857142857,
      0.2857142857142857,
      0.2857142857142857,
      0.2857142857142857,
      0.2857142857142857,
      0.2857142857142857,
      0.2857142857142857,
      0.2857142857142857,
      0.14285714285714285,
      0.0,
      0.0,
      0.0
    ],