{
  "config_path": "/Users/svenhockers/Desktop/project/topology-and-robustness-in-DNNs/out/synthetic_shapes/baseline/base_e_0.2/configs/trials/trial_000014.json",
  "dataset_name": "synthetic_shapes_2class",
  "metrics_adv": {
    "accuracy": 0.8775,
    "confusion_matrix": [
      [
        165,
        35
      ],
      [
        14,
        186
      ]
    ],
    "f1": 0.8836104513064132,
    "fpr": [
      0.0,
      0.0,
      0.0,
      0.015,
      0.015,
      0.02,
      0.02,
      0.025,
      0.025,
      0.03,
      0.03,
      0.04,
      0.04,
      0.05,
      0.05,
      0.06,
      0.06,
      0.065,
      0.065,
      0.07,
      0.07,
      0.08,
      0.08,
      0.085,
      0.085,
      0.16,
      0.16,
      0.295,
      0.295,
      0.315,
      0.315,
      0.32,
      0.32,
      0.33,
      0.33,
      0.475,
      0.475,
      0.585,
      0.585,
      0.59,
      0.59,
      0.645,
      0.645,
      0.65,
      0.65,
      0.665,
      0.665,
      0.675,
      0.675,
      0.845,
      0.845,
      0.875,
      0.875,
      1.0
    ],
    "fpr_at_tpr95": 0.33,
    "pr_auc": 0.9699345683235856,
    "pr_precision": [
      0.5,
      0.5012531328320802,
      0.5025125628140703,
      0.5037783375314862,
      0.5050505050505051,
      0.5063291139240507,
      0.5076142131979695,
      0.5089058524173028,
      0.5102040816326531,
      0.5115089514066496,
      0.5128205128205128,
      0.5141388174807198,
      0.5154639175257731,
      0.5167958656330749,
      0.5181347150259067,
      0.5194805194805194,
      0.5208333333333334,
      0.5221932114882507,
      0.5235602094240838,
      0.5249343832020997,
      0.5263157894736842,
      0.5277044854881267,
      0.5291005291005291,
      0.5305039787798409,
      0.5319148936170213,
      0.5333333333333333,
      0.5320855614973262,
      0.5335120643431636,
      0.5349462365591398,
      0.5363881401617251,
      0.5378378378378378,
      0.5392953929539296,
      0.5407608695652174,
      0.5395095367847411,
      0.5409836065573771,
      0.5424657534246575,
      0.5439560439560439,
      0.5454545454545454,
      0.5469613259668509,
      0.5484764542936288,
      0.55,
      0.5515320334261838,
      0.553072625698324,
      0.5546218487394958,
      0.5561797752808989,
      0.5577464788732395,
      0.559322033898305,
      0.5609065155807366,
      0.5625,
      0.5641025641025641,
      0.5657142857142857,
      0.5673352435530086,
      0.5689655172413793,
      0.5706051873198847,
      0.5722543352601156,
      0.5739130434782609,
      0.5755813953488372,
      0.577259475218659,
      0.5789473684210527,
      0.5806451612903226,
      0.5823529411764706,
      0.584070796460177,
      0.5857988165680473,
      0.5875370919881305,
      0.5892857142857143,
      0.591044776119403,
      0.592814371257485,
      0.5945945945945946,
      0.5933734939759037,
      0.595166163141994,
      0.5969696969696969,
      0.5957446808510638,
      0.5975609756097561,
      0.599388379204893,
      0.6012269938650306,
      0.6,
      0.6018518518518519,
      0.6006191950464397,
      0.6024844720496895,
      0.6043613707165109,
      0.60625,
      0.6081504702194357,
      0.610062893081761,
      0.61198738170347,
      0.6139240506329114,
      0.6158730158730159,
      0.6178343949044586,
      0.6198083067092651,
      0.6217948717948718,
      0.6205787781350482,
      0.6225806451612903,
      0.6213592233009708,
      0.6233766233766234,
      0.6254071661237784,
      0.6274509803921569,
      0.6295081967213115,
      0.631578947368421,
      0.6336633663366337,
      0.6357615894039735,
      0.6378737541528239,
      0.64,
      0.6421404682274248,
      0.6442953020134228,
      0.6464646464646465,
      0.6486486486486487,
      0.6508474576271186,
      0.6530612244897959,
      0.6552901023890785,
      0.6575342465753424,
      0.6597938144329897,
      0.6620689655172414,
      0.6643598615916955,
      0.6666666666666666,
      0.6689895470383276,
      0.6678321678321678,
      0.6701754385964912,
      0.6725352112676056,
      0.6749116607773852,
      0.6773049645390071,
      0.6797153024911032,
      0.6821428571428572,
      0.6845878136200717,
      0.6870503597122302,
      0.6895306859205776,
      0.6920289855072463,
      0.6945454545454546,
      0.6970802919708029,
      0.6996336996336996,
      0.7022058823529411,
      0.7047970479704797,
      0.7074074074074074,
      0.7100371747211895,
      0.7126865671641791,
      0.7153558052434457,
      0.7180451127819549,
      0.720754716981132,
      0.7234848484848485,
      0.7262357414448669,
      0.7290076335877863,
      0.7318007662835249,
      0.7346153846153847,
      0.7374517374517374,
      0.7403100775193798,
      0.7431906614785992,
      0.7421875,
      0.7411764705882353,
      0.7440944881889764,
      0.7470355731225297,
      0.746031746031746,
      0.749003984063745,
      0.748,
      0.751004016064257,
      0.7540322580645161,
      0.757085020242915,
      0.7601626016260162,
      0.7591836734693878,
      0.7622950819672131,
      0.7654320987654321,
      0.768595041322314,
      0.7717842323651453,
      0.775,
      0.7782426778242678,
      0.7815126050420168,
      0.7848101265822784,
      0.788135593220339,
      0.7914893617021277,
      0.7948717948717948,
      0.7982832618025751,
      0.8017241379310345,
      0.8051948051948052,
      0.808695652173913,
      0.8122270742358079,
      0.8157894736842105,
      0.8193832599118943,
      0.8230088495575221,
      0.8266666666666667,
      0.8303571428571429,
      0.8340807174887892,
      0.8378378378378378,
      0.8416289592760181,
      0.8454545454545455,
      0.8493150684931506,
      0.8532110091743119,
      0.8525345622119815,
      0.8564814814814815,
      0.8604651162790697,
      0.8644859813084113,
      0.8685446009389671,
      0.8726415094339622,
      0.8767772511848341,
      0.8809523809523809,
      0.8851674641148325,
      0.8894230769230769,
      0.893719806763285,
      0.8980582524271845,
      0.9024390243902439,
      0.9068627450980392,
      0.9113300492610837,
      0.9158415841584159,
      0.9154228855721394,
      0.92,
      0.9195979899497487,
      0.9242424242424242,
      0.9289340101522843,
      0.9285714285714286,
      0.9333333333333333,
      0.9329896907216495,
      0.9378238341968912,
      0.9375,
      0.93717277486911,
      0.9368421052631579,
      0.9365079365079365,
      0.9361702127659575,
      0.9411764705882353,
      0.946236559139785,
      0.9459459459459459,
      0.9510869565217391,
      0.9562841530054644,
      0.9560439560439561,
      0.9613259668508287,
      0.9666666666666667,
      0.9664804469273743,
      0.9662921348314607,
      0.9717514124293786,
      0.9715909090909091,
      0.9714285714285714,
      0.9770114942528736,
      0.976878612716763,
      0.9767441860465116,
      0.9824561403508771,
      0.9823529411764705,
      0.9822485207100592,
      0.9821428571428571,
      0.9820359281437125,
      0.9819277108433735,
      0.9818181818181818,
      0.9878048780487805,
      0.9938650306748467,
      1.0,
      1.0,
      1.0,
      1.0,
      1.0,
      1.0,
      1.0,
      1.0,
      1.0
    ],