{
  "config_path": "/Users/svenhockers/Desktop/project/topology-and-robustness-in-DNNs/out/tabular/baseline/base_e_0.3/configs/trials/trial_000004.json",
  "dataset_name": "TABULAR",
  "metrics_adv": {
    "accuracy": 0.7857142857142857,
    "confusion_matrix": [
      [
        89,
        21
      ],
      [
        6,
        10
      ]
    ],
    "f1": 0.425531914893617,
    "fpr": [
      0.0,
      0.0,
      0.0,
      0.01818181818181818,
      0.01818181818181818,
      0.02727272727272727,
      0.02727272727272727,
      0.14545454545454545,
      0.14545454545454545,
      0.18181818181818182,
      0.18181818181818182,
      0.19090909090909092,
      0.19090909090909092,
      0.3,
      0.3,
      0.9454545454545454,
      0.9454545454545454,
      0.9636363636363636,
      0.9636363636363636,
      1.0
    ],
    "fpr_at_tpr95": 0.9636363636363636,
    "pr_auc": 0.5472486550153978,
    "pr_precision": [
      0.12698412698412698,
      0.128,
      0.12903225806451613,
      0.13008130081300814,
      0.13114754098360656,
      0.12396694214876033,
      0.11666666666666667,
      0.1092436974789916,
      0.11016949152542373,
      0.1111111111111111,
      0.10344827586206896,
      0.10434782608695652,
      0.10526315789473684,
      0.10619469026548672,
      0.10714285714285714,
      0.10810810810810811,
      0.10909090909090909,
      0.11009174311926606,
      0.1111111111111111,
      0.11214953271028037,
      0.11320754716981132,
      0.11428571428571428,
      0.11538461538461539,
      0.11650485436893204,
      0.11764705882352941,
      0.1188118811881188,
      0.12,
      0.12121212121212122,
      0.12244897959183673,
      0.12371134020618557,
      0.125,
      0.12631578947368421,
      0.1276595744680851,
      0.12903225806451613,
      0.13043478260869565,
      0.13186813186813187,
      0.13333333333333333,
      0.1348314606741573,
      0.13636363636363635,
      0.13793103448275862,
      0.13953488372093023,
      0.1411764705882353,
      0.14285714285714285,
      0.14457831325301204,
      0.14634146341463414,
      0.14814814814814814,
      0.15,
      0.1518987341772152,
      0.15384615384615385,
      0.15584415584415584,
      0.15789473684210525,
      0.16,
      0.16216216216216217,
      0.1643835616438356,
      0.16666666666666666,
      0.16901408450704225,
      0.17142857142857143,
      0.17391304347826086,
      0.17647058823529413,
      0.1791044776119403,
      0.18181818181818182,
      0.18461538461538463,
      0.1875,
      0.19047619047619047,
      0.1935483870967742,
      0.19672131147540983,
      0.2,
      0.2033898305084746,
      0.20689655172413793,
      0.21052631578947367,
      0.21428571428571427,
      0.21818181818181817,
      0.2222222222222222,
      0.22641509433962265,
      0.23076923076923078,
      0.23529411764705882,
      0.24,
      0.24489795918367346,
      0.25,
      0.2553191489361702,
      0.2608695652173913,
      0.26666666666666666,
      0.25,
      0.2558139534883721,
      0.2619047619047619,
      0.2682926829268293,
      0.275,
      0.28205128205128205,
      0.2894736842105263,
      0.2972972972972973,
      0.3055555555555556,
      0.3142857142857143,
      0.3235294117647059,
      0.3333333333333333,
      0.34375,
      0.3225806451612903,
      0.3333333333333333,
      0.3103448275862069,
      0.32142857142857145,
      0.3333333333333333,
      0.34615384615384615,
      0.36,
      0.3333333333333333,
      0.34782608695652173,
      0.36363636363636365,
      0.38095238095238093,
      0.4,
      0.42105263157894735,
      0.4444444444444444,
      0.47058823529411764,
      0.5,
      0.5333333333333333,
      0.5714285714285714,
      0.6153846153846154,
      0.6666666666666666,
      0.7272727272727273,
      0.7,
      0.7777777777777778,
      0.75,
      0.7142857142857143,
      0.6666666666666666,
      0.8,
      1.0,
      1.0,
      1.0,
      1.0,
      1.0
    ],
    "pr_recall": [
      1.0,
      1.0,
      1.0,
      1.0,
      1.0,
      0.9375,
      0.875,
      0.8125,
      0.8125,
      0.8125,
      0.75,
      0.75,
      0.75,
      0.75,
      0.75,
      0.75,
      0.75,
      0.75,
      0.75,
      0.75,
      0.75,
      0.75,
      0.75,
      0.75,
      0.75,
      0.75,
      0.75,
      0.75,
      0.75,
      0.75,
      0.75,
      0.75,
      0.75,
      0.75,
      0.75,
      0.75,
      0.75,
      0.75,
      0.75,
      0.75,
      0.75,
      0.75,
      0.75,
      0.75,
      0.75,
      0.75,
      0.75,
      0.75,
      0.75,
      0.75,
      0.75,
      0.75,
      0.75,
      0.75,
      0.75,
      0.75,
      0.75,
      0.75,
      0.75,
      0.75,
      0.75,
      0.75,
      0.75,
      0.75,
      0.75,
      0.75,
      0.75,
      0.75,
      0.75,
      0.75,
      0.75,
      0.75,
      0.75,
      0.75,
      0.75,
      0.75,
      0.75,
      0.75,
      0.75,
      0.75,
      0.75,
      0.75,
      0.6875,
      0.6875,
      0.6875,
      0.6875,
      0.6875,
      0.6875,
      0.6875,
      0.6875,
      0.6875,
      0.6875,
      0.6875,
      0.6875,
      0.6875,
      0.625,
      0.625,
      0.5625,
      0.5625,
      0.5625,
      0.5625,
      0.5625,
      0.5,
      0.5,
      0.5,
      0.5,
      0.5,
      0.5,
      0.5,
      0.5,
      0.5,
      0.5,
      0.5,
      0.5,
      0.5,
      0.5,
      0.4375,
      0.4375,
      0.375,
      0.3125,
      0.25,
      0.25,
      0.25,
      0.1875,
      0.125,
      0.0625,
      0.0
    ],