{
  "config_path": "/Users/svenhockers/Desktop/project/topology-and-robustness-in-DNNs/out/tabular/topology_only/base_e_0.2/configs/trials/trial_000014.json",
  "dataset_name": "TABULAR",
  "metrics_adv": {
    "accuracy": 0.8306451612903226,
    "confusion_matrix": [
      [
        101,
        9
      ],
      [
        12,
        2
      ]
    ],
    "f1": 0.16,
    "fpr": [
      0.0,
      0.00909090909090909,
      0.01818181818181818,
      0.01818181818181818,
      0.06363636363636363,
      0.06363636363636363,
      0.21818181818181817,
      0.21818181818181817,
      0.34545454545454546,
      0.34545454545454546,
      0.5,
      0.5,
      0.5272727272727272,
      0.5272727272727272,
      0.5818181818181818,
      0.5818181818181818,
      0.5909090909090909,
      0.5909090909090909,
      0.6818181818181818,
      0.6818181818181818,
      0.7181818181818181,
      0.7181818181818181,
      0.7727272727272727,
      0.7727272727272727,
      0.8909090909090909,
      0.8909090909090909,
      0.9181818181818182,
      0.9181818181818182,
      1.0
    ],
    "fpr_at_tpr95": 0.9181818181818182,
    "pr_auc": 0.13043711099376704,
    "pr_precision": [
      0.11290322580645161,
      0.11382113821138211,
      0.11475409836065574,
      0.11570247933884298,
      0.11666666666666667,
      0.11764705882352941,
      0.11864406779661017,
      0.11965811965811966,
      0.1206896551724138,
      0.12173913043478261,
      0.11403508771929824,
      0.10619469026548672,
      0.10714285714285714,
      0.10810810810810811,
      0.10909090909090909,
      0.10091743119266056,
      0.10185185185185185,
      0.102803738317757,
      0.10377358490566038,
      0.10476190476190476,
      0.10576923076923077,
      0.10679611650485436,
      0.10784313725490197,
      0.10891089108910891,
      0.11,
      0.1111111111111111,
      0.11224489795918367,
      0.1134020618556701,
      0.11458333333333333,
      0.10526315789473684,
      0.10638297872340426,
      0.10752688172043011,
      0.10869565217391304,
      0.10989010989010989,
      0.1111111111111111,
      0.11235955056179775,
      0.10227272727272728,
      0.10344827586206896,
      0.10465116279069768,
      0.10588235294117647,
      0.10714285714285714,
      0.0963855421686747,
      0.0975609756097561,
      0.09876543209876543,
      0.1,
      0.10126582278481013,
      0.10256410256410256,
      0.1038961038961039,
      0.10526315789473684,
      0.10666666666666667,
      0.10810810810810811,
      0.1095890410958904,
      0.09722222222222222,
      0.09859154929577464,
      0.08571428571428572,
      0.08695652173913043,
      0.08823529411764706,
      0.08955223880597014,
      0.09090909090909091,
      0.09230769230769231,
      0.09375,
      0.07936507936507936,
      0.08064516129032258,
      0.08196721311475409,
      0.08333333333333333,
      0.06779661016949153,
      0.06896551724137931,
      0.07017543859649122,
      0.07142857142857142,
      0.07272727272727272,
      0.07407407407407407,
      0.07547169811320754,
      0.07692307692307693,
      0.0784313725490196,
      0.08,
      0.08163265306122448,
      0.08333333333333333,
      0.0851063829787234,
      0.08695652173913043,
      0.08888888888888889,
      0.09090909090909091,
      0.09302325581395349,
      0.09523809523809523,
      0.07317073170731707,
      0.075,
      0.07692307692307693,
      0.07894736842105263,
      0.08108108108108109,
      0.08333333333333333,
      0.08571428571428572,
      0.08823529411764706,
      0.09090909090909091,
      0.09375,
      0.0967741935483871,
      0.1,
      0.10344827586206896,
      0.10714285714285714,
      0.1111111111111111,
      0.07692307692307693,
      0.08,
      0.08333333333333333,
      0.08695652173913043,
      0.09090909090909091,
      0.09523809523809523,
      0.1,
      0.10526315789473684,
      0.1111111111111111,
      0.11764705882352941,
      0.125,
      0.13333333333333333,
      0.14285714285714285,
      0.15384615384615385,
      0.16666666666666666,
      0.18181818181818182,
      0.2,
      0.2222222222222222,
      0.125,
      0.14285714285714285,
      0.16666666666666666,
      0.2,
      0.25,
      0.3333333333333333,
      0.0,
      0.0,
      1.0
    ],
    "pr_recall": [
      1.0,
      1.0,
      1.0,
      1.0,
      1.0,
      1.0,
      1.0,
      1.0,
      1.0,
      1.0,
      0.9285714285714286,
      0.8571428571428571,
      0.8571428571428571,
      0.8571428571428571,
      0.8571428571428571,
      0.7857142857142857,
      0.7857142857142857,
      0.7857142857142857,
      0.7857142857142857,
      0.7857142857142857,
      0.7857142857142857,
      0.7857142857142857,
      0.7857142857142857,
      0.7857142857142857,
      0.7857142857142857,
      0.7857142857142857,
      0.7857142857142857,
      0.7857142857142857,
      0.7857142857142857,
      0.7142857142857143,
      0.7142857142857143,
      0.7142857142857143,
      0.7142857142857143,
      0.7142857142857143,
      0.7142857142857143,
      0.7142857142857143,
      0.6428571428571429,
      0.6428571428571429,
      0.6428571428571429,
      0.6428571428571429,
      0.6428571428571429,
      0.5714285714285714,
      0.5714285714285714,
      0.5714285714285714,
      0.5714285714285714,
      0.5714285714285714,
      0.5714285714285714,
      0.5714285714285714,
      0.5714285714285714,
      0.5714285714285714,
      0.5714285714285714,
      0.5714285714285714,
      0.5,
      0.5,
      0.42857142857142855,
      0.42857142857142855,
      0.42857142857142855,
      0.42857142857142855,
      0.42857142857142855,
      0.42857142857142855,
      0.42857142857142855,
      0.35714285714285715,
      0.35714285714285715,
      0.35714285714285715,
      0.35714285714285715,
      0.2857142857142857,
      0.2857142857142857,
      0.2857142857142857,
      0.2857142857142857,
      0.2857142857142857,
      0.2857142857142857,
      0.2857142857142857,
      0.2857142857142857,
      0.2857142857142857,
      0.2857142857142857,
      0.2857142857142857,
      0.2857142857142857,
      0.2857142857142857,
      0.2857142857142857,
      0.2857142857142857,
      0.2857142857142857,
      0.2857142857142857,
      0.2857142857142857,
      0.21428571428571427,
      0.21428571428571427,
      0.21428571428571427,
      0.21428571428571427,
      0.21428571428571427,
      0.21428571428571427,
      0.21428571428571427,
      0.21428571428571427,
      0.21428571428571427,
      0.21428571428571427,
      0.21428571428571427,
      0.21428571428571427,
      0.21428571428571427,
      0.21428571428571427,
      0.21428571428571427,
      0.14285714285714285,
      0.14285714285714285,
      0.14285714285714285,
      0.14285714285714285,
      0.14285714285714285,
      0.14285714285714285,
      0.14285714285714285,
      0.14285714285714285,
      0.14285714285714285,
      0.14285714285714285,
      0.14285714285714285,
      0.14285714285714285,
      0.14285714285714285,
      0.14285714285714285,
      0.14285714285714285,
      0.14285714285714285,
      0.14285714285714285,
      0.14285714285714285,
      0.07142857142857142,
      0.07142857142857142,
      0.07142857142857142,
      0.07142857142857142,
      0.07142857142857142,
      0.07142857142857142,
      0.0,
      0.0,
      0.0
    ],