{
  "config_path": "/Users/svenhockers/Desktop/project/topology-and-robustness-in-DNNs/out/tabular/base_e_0.3/configs/trials/trial_000002.json",
  "dataset_name": "TABULAR",
  "metrics_adv": {
    "accuracy": 0.8650793650793651,
    "confusion_matrix": [
      [
        109,
        1
      ],
      [
        16,
        0
      ]
    ],
    "f1": 0.0,
    "fpr": [
      0.0,
      0.00909090909090909,
      0.02727272727272727,
      0.02727272727272727,
      0.03636363636363636,
      0.03636363636363636,
      0.045454545454545456,
      0.045454545454545456,
      0.06363636363636363,
      0.06363636363636363,
      0.08181818181818182,
      0.08181818181818182,
      0.2545454545454545,
      0.2545454545454545,
      0.3,
      0.3,
      0.38181818181818183,
      0.38181818181818183,
      0.41818181818181815,
      0.41818181818181815,
      0.5181818181818182,
      0.5181818181818182,
      0.5727272727272728,
      0.5727272727272728,
      0.6818181818181818,
      0.6818181818181818,
      0.7818181818181819,
      0.7818181818181819,
      0.8090909090909091,
      0.8090909090909091,
      0.990909090909091,
      0.990909090909091,
      1.0
    ],
    "fpr_at_tpr95": 0.990909090909091,
    "pr_auc": 0.24405641180515644,
    "pr_precision": [
      0.12698412698412698,
      0.128,
      0.12096774193548387,
      0.12195121951219512,
      0.12295081967213115,
      0.12396694214876033,
      0.125,
      0.12605042016806722,
      0.1271186440677966,
      0.1282051282051282,
      0.12931034482758622,
      0.13043478260869565,
      0.13157894736842105,
      0.13274336283185842,
      0.13392857142857142,
      0.13513513513513514,
      0.13636363636363635,
      0.13761467889908258,
      0.1388888888888889,
      0.14018691588785046,
      0.14150943396226415,
      0.14285714285714285,
      0.14423076923076922,
      0.13592233009708737,
      0.13725490196078433,
      0.13861386138613863,
      0.14,
      0.13131313131313133,
      0.1326530612244898,
      0.13402061855670103,
      0.13541666666666666,
      0.1368421052631579,
      0.13829787234042554,
      0.13978494623655913,
      0.14130434782608695,
      0.14285714285714285,
      0.14444444444444443,
      0.14606741573033707,
      0.14772727272727273,
      0.13793103448275862,
      0.13953488372093023,
      0.1411764705882353,
      0.14285714285714285,
      0.14457831325301204,
      0.14634146341463414,
      0.14814814814814814,
      0.15,
      0.1518987341772152,
      0.15384615384615385,
      0.15584415584415584,
      0.15789473684210525,
      0.16,
      0.14864864864864866,
      0.1506849315068493,
      0.1527777777777778,
      0.15492957746478872,
      0.15714285714285714,
      0.15942028985507245,
      0.16176470588235295,
      0.14925373134328357,
      0.15151515151515152,
      0.15384615384615385,
      0.15625,
      0.15873015873015872,
      0.16129032258064516,
      0.16393442622950818,
      0.16666666666666666,
      0.1694915254237288,
      0.1724137931034483,
      0.17543859649122806,
      0.17857142857142858,
      0.16363636363636364,
      0.16666666666666666,
      0.16981132075471697,
      0.17307692307692307,
      0.17647058823529413,
      0.16,
      0.16326530612244897,
      0.16666666666666666,
      0.1702127659574468,
      0.17391304347826086,
      0.17777777777777778,
      0.18181818181818182,
      0.18604651162790697,
      0.19047619047619047,
      0.1951219512195122,
      0.175,
      0.1794871794871795,
      0.18421052631578946,
      0.1891891891891892,
      0.19444444444444445,
      0.2,
      0.17647058823529413,
      0.18181818181818182,
      0.1875,
      0.1935483870967742,
      0.2,
      0.20689655172413793,
      0.21428571428571427,
      0.2222222222222222,
      0.23076923076923078,
      0.24,
      0.25,
      0.2608695652173913,
      0.2727272727272727,
      0.2857142857142857,
      0.3,
      0.3157894736842105,
      0.3333333333333333,
      0.35294117647058826,
      0.375,
      0.4,
      0.35714285714285715,
      0.38461538461538464,
      0.4166666666666667,
      0.36363636363636365,
      0.4,
      0.4444444444444444,
      0.375,
      0.42857142857142855,
      0.3333333333333333,
      0.2,
      0.25,
      0.0,
      0.0,
      0.0,
      1.0
    ],
    "pr_recall": [
      1.0,
      1.0,
      0.9375,
      0.9375,
      0.9375,
      0.9375,
      0.9375,
      0.9375,
      0.9375,
      0.9375,
      0.9375,
      0.9375,
      0.9375,
      0.9375,
      0.9375,
      0.9375,
      0.9375,
      0.9375,
      0.9375,
      0.9375,
      0.9375,
      0.9375,
      0.9375,
      0.875,
      0.875,
      0.875,
      0.875,
      0.8125,
      0.8125,
      0.8125,
      0.8125,
      0.8125,
      0.8125,
      0.8125,
      0.8125,
      0.8125,
      0.8125,
      0.8125,
      0.8125,
      0.75,
      0.75,
      0.75,
      0.75,
      0.75,
      0.75,
      0.75,
      0.75,
      0.75,
      0.75,
      0.75,
      0.75,
      0.75,
      0.6875,
      0.6875,
      0.6875,
      0.6875,
      0.6875,
      0.6875,
      0.6875,
      0.625,
      0.625,
      0.625,
      0.625,
      0.625,
      0.625,
      0.625,
      0.625,
      0.625,
      0.625,
      0.625,
      0.625,
      0.5625,
      0.5625,
      0.5625,
      0.5625,
      0.5625,
      0.5,
      0.5,
      0.5,
      0.5,
      0.5,
      0.5,
      0.5,
      0.5,
      0.5,
      0.5,
      0.4375,
      0.4375,
      0.4375,
      0.4375,
      0.4375,
      0.4375,
      0.375,
      0.375,
      0.375,
      0.375,
      0.375,
      0.375,
      0.375,
      0.375,
      0.375,
      0.375,
      0.375,
      0.375,
      0.375,
      0.375,
      0.375,
      0.375,
      0.375,
      0.375,
      0.375,
      0.375,
      0.3125,
      0.3125,
      0.3125,
      0.25,
      0.25,
      0.25,
      0.1875,
      0.1875,
      0.125,
      0.0625,
      0.0625,
      0.0,
      0.0,
      0.0,
      0.0
    ],