{
  "config_path": "/Users/svenhockers/Desktop/project/topology-and-robustness-in-DNNs/out/tabular/base_e_0.2/configs/trials/trial_000003.json",
  "dataset_name": "TABULAR",
  "metrics_adv": {
    "accuracy": 0.7741935483870968,
    "confusion_matrix": [
      [
        95,
        15
      ],
      [
        13,
        1
      ]
    ],
    "f1": 0.06666666666666667,
    "fpr": [
      0.0,
      0.00909090909090909,
      0.11818181818181818,
      0.11818181818181818,
      0.15454545454545454,
      0.15454545454545454,
      0.16363636363636364,
      0.16363636363636364,
      0.2818181818181818,
      0.2818181818181818,
      0.2909090909090909,
      0.2909090909090909,
      0.32727272727272727,
      0.32727272727272727,
      0.38181818181818183,
      0.38181818181818183,
      0.4090909090909091,
      0.4090909090909091,
      0.41818181818181815,
      0.41818181818181815,
      0.6090909090909091,
      0.6090909090909091,
      0.7181818181818181,
      0.7181818181818181,
      0.9181818181818182,
      0.9181818181818182,
      1.0,
      1.0
    ],
    "fpr_at_tpr95": 1.0,
    "pr_auc": 0.13426341027074856,
    "pr_precision": [
      0.11290322580645161,
      0.10569105691056911,
      0.10655737704918032,
      0.10743801652892562,
      0.10833333333333334,
      0.1092436974789916,
      0.11016949152542373,
      0.1111111111111111,
      0.11206896551724138,
      0.11304347826086956,
      0.11403508771929824,
      0.10619469026548672,
      0.10714285714285714,
      0.10810810810810811,
      0.10909090909090909,
      0.11009174311926606,
      0.1111111111111111,
      0.11214953271028037,
      0.11320754716981132,
      0.11428571428571428,
      0.11538461538461539,
      0.11650485436893204,
      0.11764705882352941,
      0.1188118811881188,
      0.12,
      0.12121212121212122,
      0.12244897959183673,
      0.12371134020618557,
      0.125,
      0.12631578947368421,
      0.1276595744680851,
      0.12903225806451613,
      0.13043478260869565,
      0.13186813186813187,
      0.12222222222222222,
      0.12359550561797752,
      0.125,
      0.12643678160919541,
      0.12790697674418605,
      0.12941176470588237,
      0.13095238095238096,
      0.13253012048192772,
      0.13414634146341464,
      0.13580246913580246,
      0.1375,
      0.13924050632911392,
      0.14102564102564102,
      0.12987012987012986,
      0.13157894736842105,
      0.13333333333333333,
      0.13513513513513514,
      0.136986301369863,
      0.1388888888888889,
      0.14084507042253522,
      0.14285714285714285,
      0.14492753623188406,
      0.14705882352941177,
      0.14925373134328357,
      0.15151515151515152,
      0.15384615384615385,
      0.15625,
      0.15873015873015872,
      0.16129032258064516,
      0.16393442622950818,
      0.16666666666666666,
      0.1694915254237288,
      0.1724137931034483,
      0.17543859649122806,
      0.17857142857142858,
      0.16363636363636364,
      0.16666666666666666,
      0.1509433962264151,
      0.15384615384615385,
      0.1568627450980392,
      0.16,
      0.14285714285714285,
      0.14583333333333334,
      0.14893617021276595,
      0.15217391304347827,
      0.15555555555555556,
      0.1590909090909091,
      0.16279069767441862,
      0.14285714285714285,
      0.12195121951219512,
      0.125,
      0.1282051282051282,
      0.13157894736842105,
      0.13513513513513514,
      0.1111111111111111,
      0.11428571428571428,
      0.08823529411764706,
      0.09090909090909091,
      0.09375,
      0.0967741935483871,
      0.1,
      0.10344827586206896,
      0.10714285714285714,
      0.1111111111111111,
      0.11538461538461539,
      0.12,
      0.125,
      0.13043478260869565,
      0.13636363636363635,
      0.14285714285714285,
      0.1,
      0.10526315789473684,
      0.05555555555555555,
      0.058823529411764705,
      0.0625,
      0.06666666666666667,
      0.07142857142857142,
      0.0,
      0.0,
      0.0,
      0.0,
      0.0,
      0.0,
      0.0,
      0.0,
      0.0,
      0.0,
      0.0,
      0.0,
      0.0,
      1.0
    ],
    "pr_recall": [
      1.0,
      0.9285714285714286,
      0.9285714285714286,
      0.9285714285714286,
      0.9285714285714286,
      0.9285714285714286,
      0.9285714285714286,
      0.9285714285714286,
      0.9285714285714286,
      0.9285714285714286,
      0.9285714285714286,
      0.8571428571428571,
      0.8571428571428571,
      0.8571428571428571,
      0.8571428571428571,
      0.8571428571428571,
      0.8571428571428571,
      0.8571428571428571,
      0.8571428571428571,
      0.8571428571428571,
      0.8571428571428571,
      0.8571428571428571,
      0.8571428571428571,
      0.8571428571428571,
      0.8571428571428571,
      0.8571428571428571,
      0.8571428571428571,
      0.8571428571428571,
      0.8571428571428571,
      0.8571428571428571,
      0.8571428571428571,
      0.8571428571428571,
      0.8571428571428571,
      0.8571428571428571,
      0.7857142857142857,
      0.7857142857142857,
      0.7857142857142857,
      0.7857142857142857,
      0.7857142857142857,
      0.7857142857142857,
      0.7857142857142857,
      0.7857142857142857,
      0.7857142857142857,
      0.7857142857142857,
      0.7857142857142857,
      0.7857142857142857,
      0.7857142857142857,
      0.7142857142857143,
      0.7142857142857143,
      0.7142857142857143,
      0.7142857142857143,
      0.7142857142857143,
      0.7142857142857143,
      0.7142857142857143,
      0.7142857142857143,
      0.7142857142857143,
      0.7142857142857143,
      0.7142857142857143,
      0.7142857142857143,
      0.7142857142857143,
      0.7142857142857143,
      0.7142857142857143,
      0.7142857142857143,
      0.7142857142857143,
      0.7142857142857143,
      0.7142857142857143,
      0.7142857142857143,
      0.7142857142857143,
      0.7142857142857143,
      0.6428571428571429,
      0.6428571428571429,
      0.5714285714285714,
      0.5714285714285714,
      0.5714285714285714,
      0.5714285714285714,
      0.5,
      0.5,
      0.5,
      0.5,
      0.5,
      0.5,
      0.5,
      0.42857142857142855,
      0.35714285714285715,
      0.35714285714285715,
      0.35714285714285715,
      0.35714285714285715,
      0.35714285714285715,
      0.2857142857142857,
      0.2857142857142857,
      0.21428571428571427,
      0.21428571428571427,
      0.21428571428571427,
      0.21428571428571427,
      0.21428571428571427,
      0.21428571428571427,
      0.21428571428571427,
      0.21428571428571427,
      0.21428571428571427,
      0.21428571428571427,
      0.21428571428571427,
      0.21428571428571427,
      0.21428571428571427,
      0.21428571428571427,
      0.14285714285714285,
      0.14285714285714285,
      0.07142857142857142,
      0.07142857142857142,
      0.07142857142857142,
      0.07142857142857142,
      0.07142857142857142,
      0.0,
      0.0,
      0.0,
      0.0,
      0.0,
      0.0,
      0.0,
      0.0,
      0.0,
      0.0,
      0.0,
      0.0,
      0.0,
      0.0
    ],