{
  "config_path": "/Users/svenhockers/Desktop/project/topology-and-robustness-in-DNNs/out/tabular/base_e_0.2/configs/trials/trial_000005.json",
  "dataset_name": "TABULAR",
  "metrics_adv": {
    "accuracy": 0.7580645161290323,
    "confusion_matrix": [
      [
        89,
        21
      ],
      [
        9,
        5
      ]
    ],
    "f1": 0.25,
    "fpr": [
      0.0,
      0.00909090909090909,
      0.07272727272727272,
      0.07272727272727272,
      0.12727272727272726,
      0.12727272727272726,
      0.17272727272727273,
      0.17272727272727273,
      0.22727272727272727,
      0.22727272727272727,
      0.45454545454545453,
      0.45454545454545453,
      0.5272727272727272,
      0.5272727272727272,
      0.6,
      0.6,
      0.6636363636363637,
      0.6636363636363637,
      0.8090909090909091,
      0.8090909090909091,
      0.8181818181818182,
      0.8181818181818182,
      0.9454545454545454,
      0.9454545454545454,
      1.0
    ],
    "fpr_at_tpr95": 0.9454545454545454,
    "pr_auc": 0.15472235244109117,
    "pr_precision": [
      0.11290322580645161,
      0.11382113821138211,
      0.11475409836065574,
      0.11570247933884298,
      0.11666666666666667,
      0.11764705882352941,
      0.11864406779661017,
      0.1111111111111111,
      0.11206896551724138,
      0.11304347826086956,
      0.11403508771929824,
      0.11504424778761062,
      0.11607142857142858,
      0.11711711711711711,
      0.11818181818181818,
      0.11926605504587157,
      0.12037037037037036,
      0.12149532710280374,
      0.12264150943396226,
      0.12380952380952381,
      0.125,
      0.1262135922330097,
      0.11764705882352941,
      0.1188118811881188,
      0.11,
      0.10101010101010101,
      0.10204081632653061,
      0.10309278350515463,
      0.10416666666666667,
      0.10526315789473684,
      0.10638297872340426,
      0.10752688172043011,
      0.10869565217391304,
      0.10989010989010989,
      0.1111111111111111,
      0.11235955056179775,
      0.11363636363636363,
      0.11494252873563218,
      0.11627906976744186,
      0.11764705882352941,
      0.11904761904761904,
      0.12048192771084337,
      0.10975609756097561,
      0.1111111111111111,
      0.1125,
      0.11392405063291139,
      0.11538461538461539,
      0.11688311688311688,
      0.11842105263157894,
      0.12,
      0.10810810810810811,
      0.1095890410958904,
      0.1111111111111111,
      0.11267605633802817,
      0.11428571428571428,
      0.11594202898550725,
      0.11764705882352941,
      0.11940298507462686,
      0.12121212121212122,
      0.1076923076923077,
      0.109375,
      0.1111111111111111,
      0.11290322580645161,
      0.11475409836065574,
      0.11666666666666667,
      0.11864406779661017,
      0.1206896551724138,
      0.12280701754385964,
      0.10714285714285714,
      0.10909090909090909,
      0.1111111111111111,
      0.11320754716981132,
      0.11538461538461539,
      0.11764705882352941,
      0.12,
      0.12244897959183673,
      0.125,
      0.1276595744680851,
      0.13043478260869565,
      0.13333333333333333,
      0.13636363636363635,
      0.13953488372093023,
      0.14285714285714285,
      0.14634146341463414,
      0.15,
      0.15384615384615385,
      0.15789473684210525,
      0.16216216216216217,
      0.16666666666666666,
      0.17142857142857143,
      0.17647058823529413,
      0.18181818181818182,
      0.1875,
      0.1935483870967742,
      0.16666666666666666,
      0.1724137931034483,
      0.17857142857142858,
      0.18518518518518517,
      0.19230769230769232,
      0.2,
      0.20833333333333334,
      0.17391304347826086,
      0.18181818181818182,
      0.19047619047619047,
      0.2,
      0.21052631578947367,
      0.2222222222222222,
      0.17647058823529413,
      0.1875,
      0.2,
      0.21428571428571427,
      0.23076923076923078,
      0.25,
      0.2727272727272727,
      0.2,
      0.1111111111111111,
      0.0,
      0.0,
      0.0,
      0.0,
      0.0,
      0.0,
      0.0,
      0.0,
      1.0
    ],
    "pr_recall": [
      1.0,
      1.0,
      1.0,
      1.0,
      1.0,
      1.0,
      1.0,
      0.9285714285714286,
      0.9285714285714286,
      0.9285714285714286,
      0.9285714285714286,
      0.9285714285714286,
      0.9285714285714286,
      0.9285714285714286,
      0.9285714285714286,
      0.9285714285714286,
      0.9285714285714286,
      0.9285714285714286,
      0.9285714285714286,
      0.9285714285714286,
      0.9285714285714286,
      0.9285714285714286,
      0.8571428571428571,
      0.8571428571428571,
      0.7857142857142857,
      0.7142857142857143,
      0.7142857142857143,
      0.7142857142857143,
      0.7142857142857143,
      0.7142857142857143,
      0.7142857142857143,
      0.7142857142857143,
      0.7142857142857143,
      0.7142857142857143,
      0.7142857142857143,
      0.7142857142857143,
      0.7142857142857143,
      0.7142857142857143,
      0.7142857142857143,
      0.7142857142857143,
      0.7142857142857143,
      0.7142857142857143,
      0.6428571428571429,
      0.6428571428571429,
      0.6428571428571429,
      0.6428571428571429,
      0.6428571428571429,
      0.6428571428571429,
      0.6428571428571429,
      0.6428571428571429,
      0.5714285714285714,
      0.5714285714285714,
      0.5714285714285714,
      0.5714285714285714,
      0.5714285714285714,
      0.5714285714285714,
      0.5714285714285714,
      0.5714285714285714,
      0.5714285714285714,
      0.5,
      0.5,
      0.5,
      0.5,
      0.5,
      0.5,
      0.5,
      0.5,
      0.5,
      0.42857142857142855,
      0.42857142857142855,
      0.42857142857142855,
      0.42857142857142855,
      0.42857142857142855,
      0.42857142857142855,
      0.42857142857142855,
      0.42857142857142855,
      0.42857142857142855,
      0.42857142857142855,
      0.42857142857142855,
      0.42857142857142855,
      0.42857142857142855,
      0.42857142857142855,
      0.42857142857142855,
      0.42857142857142855,
      0.42857142857142855,
      0.42857142857142855,
      0.42857142857142855,
      0.42857142857142855,
      0.42857142857142855,
      0.42857142857142855,
      0.42857142857142855,
      0.42857142857142855,
      0.42857142857142855,
      0.42857142857142855,
      0.35714285714285715,
      0.35714285714285715,
      0.35714285714285715,
      0.35714285714285715,
      0.35714285714285715,
      0.35714285714285715,
      0.35714285714285715,
      0.2857142857142857,
      0.2857142857142857,
      0.2857142857142857,
      0.2857142857142857,
      0.2857142857142857,
      0.2857142857142857,
      0.21428571428571427,
      0.21428571428571427,
      0.21428571428571427,
      0.21428571428571427,
      0.21428571428571427,
      0.21428571428571427,
      0.21428571428571427,
      0.14285714285714285,
      0.07142857142857142,
      0.0,
      0.0,
      0.0,
      0.0,
      0.0,
      0.0,
      0.0,
      0.0,
      0.0
    ],