{
  "config_path": "/Users/svenhockers/Desktop/project/topology-and-robustness-in-DNNs/out/tabular/base_e_0.2/configs/trials/trial_000002.json",
  "dataset_name": "TABULAR",
  "metrics_adv": {
    "accuracy": 0.8790322580645161,
    "confusion_matrix": [
      [
        109,
        1
      ],
      [
        14,
        0
      ]
    ],
    "f1": 0.0,
    "fpr": [
      0.0,
      0.00909090909090909,
      0.02727272727272727,
      0.02727272727272727,
      0.03636363636363636,
      0.03636363636363636,
      0.06363636363636363,
      0.06363636363636363,
      0.18181818181818182,
      0.18181818181818182,
      0.24545454545454545,
      0.24545454545454545,
      0.3,
      0.3,
      0.8454545454545455,
      0.8454545454545455,
      0.8727272727272727,
      0.8727272727272727,
      0.9,
      0.9,
      1.0,
      1.0
    ],
    "fpr_at_tpr95": 1.0,
    "pr_auc": 0.1980851723872361,
    "pr_precision": [
      0.11290322580645161,
      0.10569105691056911,
      0.09836065573770492,
      0.09917355371900827,
      0.1,
      0.10084033613445378,
      0.1016949152542373,
      0.10256410256410256,
      0.10344827586206896,
      0.10434782608695652,
      0.10526315789473684,
      0.10619469026548672,
      0.10714285714285714,
      0.10810810810810811,
      0.1,
      0.10091743119266056,
      0.10185185185185185,
      0.102803738317757,
      0.09433962264150944,
      0.09523809523809523,
      0.09615384615384616,
      0.0970873786407767,
      0.08823529411764706,
      0.07920792079207921,
      0.08,
      0.08080808080808081,
      0.08163265306122448,
      0.08247422680412371,
      0.08333333333333333,
      0.08421052631578947,
      0.0851063829787234,
      0.08602150537634409,
      0.08695652173913043,
      0.08791208791208792,
      0.08888888888888889,
      0.0898876404494382,
      0.09090909090909091,
      0.09195402298850575,
      0.09302325581395349,
      0.09411764705882353,
      0.09523809523809523,
      0.0963855421686747,
      0.0975609756097561,
      0.09876543209876543,
      0.1,
      0.10126582278481013,
      0.10256410256410256,
      0.1038961038961039,
      0.10526315789473684,
      0.10666666666666667,
      0.10810810810810811,
      0.1095890410958904,
      0.1111111111111111,
      0.11267605633802817,
      0.11428571428571428,
      0.11594202898550725,
      0.11764705882352941,
      0.11940298507462686,
      0.12121212121212122,
      0.12307692307692308,
      0.125,
      0.12698412698412698,
      0.12903225806451613,
      0.13114754098360656,
      0.13333333333333333,
      0.13559322033898305,
      0.13793103448275862,
      0.14035087719298245,
      0.14285714285714285,
      0.14545454545454545,
      0.14814814814814814,
      0.1509433962264151,
      0.15384615384615385,
      0.1568627450980392,
      0.16,
      0.16326530612244897,
      0.16666666666666666,
      0.1702127659574468,
      0.17391304347826086,
      0.17777777777777778,
      0.18181818181818182,
      0.18604651162790697,
      0.19047619047619047,
      0.1951219512195122,
      0.175,
      0.1794871794871795,
      0.18421052631578946,
      0.1891891891891892,
      0.19444444444444445,
      0.2,
      0.20588235294117646,
      0.18181818181818182,
      0.15625,
      0.16129032258064516,
      0.16666666666666666,
      0.1724137931034483,
      0.17857142857142858,
      0.18518518518518517,
      0.19230769230769232,
      0.2,
      0.16666666666666666,
      0.17391304347826086,
      0.18181818181818182,
      0.19047619047619047,
      0.2,
      0.21052631578947367,
      0.2222222222222222,
      0.23529411764705882,
      0.25,
      0.26666666666666666,
      0.2857142857142857,
      0.3076923076923077,
      0.3333333333333333,
      0.36363636363636365,
      0.3,
      0.3333333333333333,
      0.375,
      0.42857142857142855,
      0.3333333333333333,
      0.2,
      0.25,
      0.0,
      0.0,
      0.0,
      1.0
    ],
    "pr_recall": [
      1.0,
      0.9285714285714286,
      0.8571428571428571,
      0.8571428571428571,
      0.8571428571428571,
      0.8571428571428571,
      0.8571428571428571,
      0.8571428571428571,
      0.8571428571428571,
      0.8571428571428571,
      0.8571428571428571,
      0.8571428571428571,
      0.8571428571428571,
      0.8571428571428571,
      0.7857142857142857,
      0.7857142857142857,
      0.7857142857142857,
      0.7857142857142857,
      0.7142857142857143,
      0.7142857142857143,
      0.7142857142857143,
      0.7142857142857143,
      0.6428571428571429,
      0.5714285714285714,
      0.5714285714285714,
      0.5714285714285714,
      0.5714285714285714,
      0.5714285714285714,
      0.5714285714285714,
      0.5714285714285714,
      0.5714285714285714,
      0.5714285714285714,
      0.5714285714285714,
      0.5714285714285714,
      0.5714285714285714,
      0.5714285714285714,
      0.5714285714285714,
      0.5714285714285714,
      0.5714285714285714,
      0.5714285714285714,
      0.5714285714285714,
      0.5714285714285714,
      0.5714285714285714,
      0.5714285714285714,
      0.5714285714285714,
      0.5714285714285714,
      0.5714285714285714,
      0.5714285714285714,
      0.5714285714285714,
      0.5714285714285714,
      0.5714285714285714,
      0.5714285714285714,
      0.5714285714285714,
      0.5714285714285714,
      0.5714285714285714,
      0.5714285714285714,
      0.5714285714285714,
      0.5714285714285714,
      0.5714285714285714,
      0.5714285714285714,
      0.5714285714285714,
      0.5714285714285714,
      0.5714285714285714,
      0.5714285714285714,
      0.5714285714285714,
      0.5714285714285714,
      0.5714285714285714,
      0.5714285714285714,
      0.5714285714285714,
      0.5714285714285714,
      0.5714285714285714,
      0.5714285714285714,
      0.5714285714285714,
      0.5714285714285714,
      0.5714285714285714,
      0.5714285714285714,
      0.5714285714285714,
      0.5714285714285714,
      0.5714285714285714,
      0.5714285714285714,
      0.5714285714285714,
      0.5714285714285714,
      0.5714285714285714,
      0.5714285714285714,
      0.5,
      0.5,
      0.5,
      0.5,
      0.5,
      0.5,
      0.5,
      0.42857142857142855,
      0.35714285714285715,
      0.35714285714285715,
      0.35714285714285715,
      0.35714285714285715,
      0.35714285714285715,
      0.35714285714285715,
      0.35714285714285715,
      0.35714285714285715,
      0.2857142857142857,
      0.2857142857142857,
      0.2857142857142857,
      0.2857142857142857,
      0.2857142857142857,
      0.2857142857142857,
      0.2857142857142857,
      0.2857142857142857,
      0.2857142857142857,
      0.2857142857142857,
      0.2857142857142857,
      0.2857142857142857,
      0.2857142857142857,
      0.2857142857142857,
      0.21428571428571427,
      0.21428571428571427,
      0.21428571428571427,
      0.21428571428571427,
      0.14285714285714285,
      0.07142857142857142,
      0.07142857142857142,
      0.0,
      0.0,
      0.0,
      0.0
    ],