{
  "config_path": "/Users/svenhockers/Desktop/project/topology-and-robustness-in-DNNs/out/tabular/base_e_0.3/configs/trials/trial_000003.json",
  "dataset_name": "TABULAR",
  "metrics_adv": {
    "accuracy": 0.7777777777777778,
    "confusion_matrix": [
      [
        95,
        15
      ],
      [
        13,
        3
      ]
    ],
    "f1": 0.17647058823529413,
    "fpr": [
      0.0,
      0.00909090909090909,
      0.02727272727272727,
      0.02727272727272727,
      0.03636363636363636,
      0.03636363636363636,
      0.08181818181818182,
      0.08181818181818182,
      0.15454545454545454,
      0.15454545454545454,
      0.41818181818181815,
      0.41818181818181815,
      0.42727272727272725,
      0.42727272727272725,
      0.4636363636363636,
      0.4636363636363636,
      0.5454545454545454,
      0.5454545454545454,
      0.6636363636363637,
      0.6636363636363637,
      0.7272727272727273,
      0.7272727272727273,
      0.8727272727272727,
      0.8727272727272727,
      0.9181818181818182,
      0.9181818181818182,
      0.9545454545454546,
      0.9545454545454546,
      0.9636363636363636,
      0.9636363636363636,
      1.0
    ],
    "fpr_at_tpr95": 0.9636363636363636,
    "pr_auc": 0.15657655100954554,
    "pr_precision": [
      0.12698412698412698,
      0.128,
      0.12903225806451613,
      0.13008130081300814,
      0.13114754098360656,
      0.12396694214876033,
      0.125,
      0.11764705882352941,
      0.11864406779661017,
      0.11965811965811966,
      0.1206896551724138,
      0.12173913043478261,
      0.11403508771929824,
      0.11504424778761062,
      0.11607142857142858,
      0.11711711711711711,
      0.11818181818181818,
      0.11926605504587157,
      0.1111111111111111,
      0.11214953271028037,
      0.11320754716981132,
      0.11428571428571428,
      0.11538461538461539,
      0.11650485436893204,
      0.11764705882352941,
      0.1188118811881188,
      0.12,
      0.12121212121212122,
      0.12244897959183673,
      0.12371134020618557,
      0.125,
      0.12631578947368421,
      0.1276595744680851,
      0.12903225806451613,
      0.13043478260869565,
      0.12087912087912088,
      0.12222222222222222,
      0.12359550561797752,
      0.125,
      0.12643678160919541,
      0.12790697674418605,
      0.12941176470588237,
      0.13095238095238096,
      0.12048192771084337,
      0.12195121951219512,
      0.12345679012345678,
      0.125,
      0.12658227848101267,
      0.1282051282051282,
      0.12987012987012986,
      0.13157894736842105,
      0.13333333333333333,
      0.13513513513513514,
      0.136986301369863,
      0.1388888888888889,
      0.14084507042253522,
      0.14285714285714285,
      0.13043478260869565,
      0.11764705882352941,
      0.1044776119402985,
      0.10606060606060606,
      0.1076923076923077,
      0.109375,
      0.1111111111111111,
      0.11290322580645161,
      0.11475409836065574,
      0.11666666666666667,
      0.11864406779661017,
      0.1206896551724138,
      0.10526315789473684,
      0.10714285714285714,
      0.10909090909090909,
      0.1111111111111111,
      0.11320754716981132,
      0.09615384615384616,
      0.09803921568627451,
      0.08,
      0.08163265306122448,
      0.08333333333333333,
      0.0851063829787234,
      0.08695652173913043,
      0.08888888888888889,
      0.09090909090909091,
      0.09302325581395349,
      0.09523809523809523,
      0.0975609756097561,
      0.1,
      0.10256410256410256,
      0.10526315789473684,
      0.10810810810810811,
      0.1111111111111111,
      0.11428571428571428,
      0.11764705882352941,
      0.12121212121212122,
      0.125,
      0.12903225806451613,
      0.13333333333333333,
      0.13793103448275862,
      0.14285714285714285,
      0.14814814814814814,
      0.15384615384615385,
      0.16,
      0.16666666666666666,
      0.17391304347826086,
      0.18181818181818182,
      0.19047619047619047,
      0.15,
      0.15789473684210525,
      0.16666666666666666,
      0.17647058823529413,
      0.1875,
      0.2,
      0.21428571428571427,
      0.23076923076923078,
      0.25,
      0.18181818181818182,
      0.2,
      0.2222222222222222,
      0.25,
      0.2857142857142857,
      0.3333333333333333,
      0.2,
      0.25,
      0.0,
      0.0,
      0.0,
      1.0
    ],
    "pr_recall": [
      1.0,
      1.0,
      1.0,
      1.0,
      1.0,
      0.9375,
      0.9375,
      0.875,
      0.875,
      0.875,
      0.875,
      0.875,
      0.8125,
      0.8125,
      0.8125,
      0.8125,
      0.8125,
      0.8125,
      0.75,
      0.75,
      0.75,
      0.75,
      0.75,
      0.75,
      0.75,
      0.75,
      0.75,
      0.75,
      0.75,
      0.75,
      0.75,
      0.75,
      0.75,
      0.75,
      0.75,
      0.6875,
      0.6875,
      0.6875,
      0.6875,
      0.6875,
      0.6875,
      0.6875,
      0.6875,
      0.625,
      0.625,
      0.625,
      0.625,
      0.625,
      0.625,
      0.625,
      0.625,
      0.625,
      0.625,
      0.625,
      0.625,
      0.625,
      0.625,
      0.5625,
      0.5,
      0.4375,
      0.4375,
      0.4375,
      0.4375,
      0.4375,
      0.4375,
      0.4375,
      0.4375,
      0.4375,
      0.4375,
      0.375,
      0.375,
      0.375,
      0.375,
      0.375,
      0.3125,
      0.3125,
      0.25,
      0.25,
      0.25,
      0.25,
      0.25,
      0.25,
      0.25,
      0.25,
      0.25,
      0.25,
      0.25,
      0.25,
      0.25,
      0.25,
      0.25,
      0.25,
      0.25,
      0.25,
      0.25,
      0.25,
      0.25,
      0.25,
      0.25,
      0.25,
      0.25,
      0.25,
      0.25,
      0.25,
      0.25,
      0.25,
      0.1875,
      0.1875,
      0.1875,
      0.1875,
      0.1875,
      0.1875,
      0.1875,
      0.1875,
      0.1875,
      0.125,
      0.125,
      0.125,
      0.125,
      0.125,
      0.125,
      0.0625,
      0.0625,
      0.0,
      0.0,
      0.0,
      0.0
    ],