{
  "config_path": "/Users/svenhockers/Desktop/project/topology-and-robustness-in-DNNs/out/synthetic_shapes/baseline/base_e_0.2/configs/trials/trial_000008.json",
  "dataset_name": "synthetic_shapes_2class",
  "metrics_adv": {
    "accuracy": 0.895,
    "confusion_matrix": [
      [
        169,
        31
      ],
      [
        11,
        189
      ]
    ],
    "f1": 0.9,
    "fpr": [
      0.0,
      0.0,
      0.0,
      0.005,
      0.005,
      0.015,
      0.015,
      0.1,
      0.1,
      0.155,
      0.155,
      0.16,
      0.16,
      0.19,
      0.19,
      0.22,
      0.22,
      0.295,
      0.295,
      0.305,
      0.305,
      0.355,
      0.355,
      0.46,
      0.46,
      1.0
    ],
    "fpr_at_tpr95": 0.155,
    "pr_auc": 0.9867191699533152,
    "pr_precision": [
      0.5,
      0.5012531328320802,
      0.5025125628140703,
      0.5037783375314862,
      0.5050505050505051,
      0.5063291139240507,
      0.5076142131979695,
      0.5089058524173028,
      0.5102040816326531,
      0.5115089514066496,
      0.5128205128205128,
      0.5141388174807198,
      0.5154639175257731,
      0.5167958656330749,
      0.5181347150259067,
      0.5194805194805194,
      0.5208333333333334,
      0.5221932114882507,
      0.5235602094240838,
      0.5249343832020997,
      0.5263157894736842,
      0.5277044854881267,
      0.5291005291005291,
      0.5305039787798409,
      0.5319148936170213,
      0.5333333333333333,
      0.5347593582887701,
      0.5361930294906166,
      0.5376344086021505,
      0.5390835579514824,
      0.5405405405405406,
      0.5420054200542005,
      0.5434782608695652,
      0.5449591280653951,
      0.546448087431694,
      0.547945205479452,
      0.5494505494505495,
      0.5509641873278237,
      0.5524861878453039,
      0.554016620498615,
      0.5555555555555556,
      0.5571030640668524,
      0.5586592178770949,
      0.5602240896358543,
      0.5617977528089888,
      0.5633802816901409,
      0.5649717514124294,
      0.56657223796034,
      0.5681818181818182,
      0.5698005698005698,
      0.5714285714285714,
      0.5730659025787965,
      0.5747126436781609,
      0.5763688760806917,
      0.5780346820809249,
      0.5797101449275363,
      0.5813953488372093,
      0.5830903790087464,
      0.5847953216374269,
      0.5865102639296188,
      0.5882352941176471,
      0.5899705014749262,
      0.591715976331361,
      0.5934718100890207,
      0.5952380952380952,
      0.5970149253731343,
      0.5988023952095808,
      0.6006006006006006,
      0.6024096385542169,
      0.6042296072507553,
      0.6060606060606061,
      0.60790273556231,
      0.6097560975609756,
      0.6116207951070336,
      0.6134969325153374,
      0.6153846153846154,
      0.6172839506172839,
      0.6191950464396285,
      0.6211180124223602,
      0.6230529595015576,
      0.625,
      0.6269592476489029,
      0.6289308176100629,
      0.6309148264984227,
      0.6329113924050633,
      0.6349206349206349,
      0.6369426751592356,
      0.6389776357827476,
      0.6410256410256411,
      0.6430868167202572,
      0.6451612903225806,
      0.6472491909385113,
      0.6493506493506493,
      0.6514657980456026,
      0.6535947712418301,
      0.6557377049180327,
      0.6578947368421053,
      0.6600660066006601,
      0.6622516556291391,
      0.6644518272425249,
      0.6666666666666666,
      0.6688963210702341,
      0.6711409395973155,
      0.6734006734006734,
      0.6756756756756757,
      0.6779661016949152,
      0.6802721088435374,
      0.6825938566552902,
      0.684931506849315,
      0.6838487972508591,
      0.6862068965517242,
      0.6885813148788927,
      0.6909722222222222,
      0.6933797909407665,
      0.6958041958041958,
      0.6982456140350877,
      0.7007042253521126,
      0.7031802120141343,
      0.7056737588652482,
      0.708185053380783,
      0.7107142857142857,
      0.7132616487455197,
      0.7158273381294964,
      0.7184115523465704,
      0.7210144927536232,
      0.7236363636363636,
      0.7262773722627737,
      0.7289377289377289,
      0.7316176470588235,
      0.7343173431734318,
      0.737037037037037,
      0.7360594795539034,
      0.7388059701492538,
      0.7415730337078652,
      0.7443609022556391,
      0.7471698113207547,
      0.75,
      0.752851711026616,
      0.7557251908396947,
      0.7586206896551724,
      0.7615384615384615,
      0.7644787644787645,
      0.7635658914728682,
      0.7626459143968871,
      0.765625,
      0.7686274509803922,
      0.7677165354330708,
      0.766798418972332,
      0.7658730158730159,
      0.7689243027888446,
      0.772,
      0.7751004016064257,
      0.7782258064516129,
      0.7813765182186235,
      0.7845528455284553,
      0.7877551020408163,
      0.7909836065573771,
      0.7942386831275721,
      0.7975206611570248,
      0.8008298755186722,
      0.8041666666666667,
      0.8075313807531381,
      0.8109243697478992,
      0.8143459915611815,
      0.8135593220338984,
      0.8170212765957446,
      0.8205128205128205,
      0.8240343347639485,
      0.8275862068965517,
      0.8311688311688312,
      0.8347826086956521,
      0.834061135371179,
      0.8377192982456141,
      0.8414096916299559,
      0.8451327433628318,
      0.8488888888888889,
      0.8526785714285714,
      0.8565022421524664,
      0.8558558558558559,
      0.8597285067873304,
      0.8590909090909091,
      0.863013698630137,
      0.8669724770642202,
      0.8709677419354839,
      0.875,
      0.8790697674418605,
      0.883177570093458,
      0.8873239436619719,
      0.8915094339622641,
      0.8957345971563981,
      0.9,
      0.9043062200956937,
      0.9038461538461539,
      0.9082125603864735,
      0.912621359223301,
      0.9170731707317074,
      0.9215686274509803,
      0.9261083743842364,
      0.9306930693069307,
      0.9353233830845771,
      0.94,
      0.9447236180904522,
      0.9494949494949495,
      0.9543147208121827,
      0.9591836734693877,
      0.9641025641025641,
      0.9690721649484536,
      0.9740932642487047,
      0.9791666666666666,
      0.9842931937172775,
      0.9842105263157894,
      0.9841269841269841,
      0.9840425531914894,
      0.9893048128342246,
      0.9946236559139785,
      0.9945945945945946,
      0.9945652173913043,
      0.994535519125683,
      0.9945054945054945,
      0.994475138121547,
      0.9944444444444445,
      0.994413407821229,
      0.9943820224719101,
      0.9943502824858758,
      0.9943181818181818,
      0.9942857142857143,
      0.9942528735632183,
      0.9942196531791907,
      0.9941860465116279,
      0.9941520467836257,
      0.9941176470588236,
      0.9940828402366864,
      0.9940476190476191,
      0.9940119760479041,
      0.9939759036144579,
      0.9939393939393939,
      0.9939024390243902,
      0.9938650306748467,
      1.0,
      1.0,
      1.0,
      1.0,
      1.0,
      1.0,
      1.0,
      1.0,
      1.0,
      1.0,
      1.0,
      1.0,
      1.0,
      1.0,
      1.0
    ],