{
  "config_path": "/Users/svenhockers/Desktop/project/topology-and-robustness-in-DNNs/out/tabular/base_e_0.1/configs/trials/trial_000014.json",
  "dataset_name": "TABULAR",
  "metrics_adv": {
    "accuracy": 0.8717948717948718,
    "confusion_matrix": [
      [
        102,
        8
      ],
      [
        7,
        0
      ]
    ],
    "f1": 0.0,
    "fpr": [
      0.0,
      0.00909090909090909,
      0.07272727272727272,
      0.07272727272727272,
      0.16363636363636364,
      0.16363636363636364,
      0.17272727272727273,
      0.17272727272727273,
      0.19090909090909092,
      0.19090909090909092,
      0.3,
      0.3,
      0.5272727272727272,
      0.5272727272727272,
      1.0
    ],
    "fpr_at_tpr95": 0.5272727272727272,
    "pr_auc": 0.15453249304180983,
    "pr_precision": [
      0.05982905982905983,
      0.0603448275862069,
      0.06086956521739131,
      0.06140350877192982,
      0.061946902654867256,
      0.0625,
      0.06306306306306306,
      0.06363636363636363,
      0.06422018348623854,
      0.06481481481481481,
      0.06542056074766354,
      0.0660377358490566,
      0.06666666666666667,
      0.0673076923076923,
      0.06796116504854369,
      0.06862745098039216,
      0.06930693069306931,
      0.07,
      0.0707070707070707,
      0.07142857142857142,
      0.07216494845360824,
      0.07291666666666667,
      0.07368421052631578,
      0.07446808510638298,
      0.07526881720430108,
      0.07608695652173914,
      0.07692307692307693,
      0.07777777777777778,
      0.07865168539325842,
      0.07954545454545454,
      0.08045977011494253,
      0.08139534883720931,
      0.08235294117647059,
      0.08333333333333333,
      0.08433734939759036,
      0.08536585365853659,
      0.08641975308641975,
      0.0875,
      0.08860759493670886,
      0.08974358974358974,
      0.09090909090909091,
      0.09210526315789473,
      0.09333333333333334,
      0.0945945945945946,
      0.0958904109589041,
      0.09722222222222222,
      0.09859154929577464,
      0.1,
      0.10144927536231885,
      0.10294117647058823,
      0.1044776119402985,
      0.10606060606060606,
      0.1076923076923077,
      0.09375,
      0.09523809523809523,
      0.0967741935483871,
      0.09836065573770492,
      0.1,
      0.1016949152542373,
      0.10344827586206896,
      0.10526315789473684,
      0.10714285714285714,
      0.10909090909090909,
      0.1111111111111111,
      0.11320754716981132,
      0.11538461538461539,
      0.11764705882352941,
      0.12,
      0.12244897959183673,
      0.125,
      0.1276595744680851,
      0.13043478260869565,
      0.13333333333333333,
      0.13636363636363635,
      0.13953488372093023,
      0.14285714285714285,
      0.14634146341463414,
      0.15,
      0.15384615384615385,
      0.13157894736842105,
      0.13513513513513514,
      0.1388888888888889,
      0.14285714285714285,
      0.14705882352941177,
      0.15151515151515152,
      0.15625,
      0.16129032258064516,
      0.16666666666666666,
      0.1724137931034483,
      0.17857142857142858,
      0.18518518518518517,
      0.19230769230769232,
      0.16,
      0.16666666666666666,
      0.17391304347826086,
      0.13636363636363635,
      0.14285714285714285,
      0.1,
      0.10526315789473684,
      0.1111111111111111,
      0.11764705882352941,
      0.125,
      0.13333333333333333,
      0.14285714285714285,
      0.15384615384615385,
      0.16666666666666666,
      0.18181818181818182,
      0.2,
      0.1111111111111111,
      0.0,
      0.0,
      0.0,
      0.0,
      0.0,
      0.0,
      0.0,
      0.0,
      1.0
    ],
    "pr_recall": [
      1.0,
      1.0,
      1.0,
      1.0,
      1.0,
      1.0,
      1.0,
      1.0,
      1.0,
      1.0,
      1.0,
      1.0,
      1.0,
      1.0,
      1.0,
      1.0,
      1.0,
      1.0,
      1.0,
      1.0,
      1.0,
      1.0,
      1.0,
      1.0,
      1.0,
      1.0,
      1.0,
      1.0,
      1.0,
      1.0,
      1.0,
      1.0,
      1.0,
      1.0,
      1.0,
      1.0,
      1.0,
      1.0,
      1.0,
      1.0,
      1.0,
      1.0,
      1.0,
      1.0,
      1.0,
      1.0,
      1.0,
      1.0,
      1.0,
      1.0,
      1.0,
      1.0,
      1.0,
      0.8571428571428571,
      0.8571428571428571,
      0.8571428571428571,
      0.8571428571428571,
      0.8571428571428571,
      0.8571428571428571,
      0.8571428571428571,
      0.8571428571428571,
      0.8571428571428571,
      0.8571428571428571,
      0.8571428571428571,
      0.8571428571428571,
      0.8571428571428571,
      0.8571428571428571,
      0.8571428571428571,
      0.8571428571428571,
      0.8571428571428571,
      0.8571428571428571,
      0.8571428571428571,
      0.8571428571428571,
      0.8571428571428571,
      0.8571428571428571,
      0.8571428571428571,
      0.8571428571428571,
      0.8571428571428571,
      0.8571428571428571,
      0.7142857142857143,
      0.7142857142857143,
      0.7142857142857143,
      0.7142857142857143,
      0.7142857142857143,
      0.7142857142857143,
      0.7142857142857143,
      0.7142857142857143,
      0.7142857142857143,
      0.7142857142857143,
      0.7142857142857143,
      0.7142857142857143,
      0.7142857142857143,
      0.5714285714285714,
      0.5714285714285714,
      0.5714285714285714,
      0.42857142857142855,
      0.42857142857142855,
      0.2857142857142857,
      0.2857142857142857,
      0.2857142857142857,
      0.2857142857142857,
      0.2857142857142857,
      0.2857142857142857,
      0.2857142857142857,
      0.2857142857142857,
      0.2857142857142857,
      0.2857142857142857,
      0.2857142857142857,
      0.14285714285714285,
      0.0,
      0.0,
      0.0,
      0.0,
      0.0,
      0.0,
      0.0,
      0.0,
      0.0
    ],