{
  "config_path": "/Users/svenhockers/Desktop/project/topology-and-robustness-in-DNNs/out/tabular/base_e_0.3/configs/trials/trial_000004.json",
  "dataset_name": "TABULAR",
  "metrics_adv": {
    "accuracy": 0.6825396825396826,
    "confusion_matrix": [
      [
        83,
        27
      ],
      [
        13,
        3
      ]
    ],
    "f1": 0.13043478260869568,
    "fpr": [
      0.0,
      0.00909090909090909,
      0.13636363636363635,
      0.13636363636363635,
      0.23636363636363636,
      0.23636363636363636,
      0.24545454545454545,
      0.24545454545454545,
      0.2636363636363636,
      0.2636363636363636,
      0.2909090909090909,
      0.2909090909090909,
      0.3,
      0.3,
      0.35454545454545455,
      0.35454545454545455,
      0.38181818181818183,
      0.38181818181818183,
      0.4818181818181818,
      0.4818181818181818,
      0.8090909090909091,
      0.8090909090909091,
      0.8363636363636363,
      0.8363636363636363,
      1.0
    ],
    "fpr_at_tpr95": 0.8363636363636363,
    "pr_auc": 0.14997533515330597,
    "pr_precision": [
      0.12698412698412698,
      0.128,
      0.12903225806451613,
      0.13008130081300814,
      0.13114754098360656,
      0.1322314049586777,
      0.13333333333333333,
      0.13445378151260504,
      0.13559322033898305,
      0.13675213675213677,
      0.13793103448275862,
      0.1391304347826087,
      0.14035087719298245,
      0.1415929203539823,
      0.14285714285714285,
      0.14414414414414414,
      0.14545454545454545,
      0.14678899082568808,
      0.14814814814814814,
      0.14018691588785046,
      0.14150943396226415,
      0.14285714285714285,
      0.14423076923076922,
      0.13592233009708737,
      0.12745098039215685,
      0.12871287128712872,
      0.13,
      0.13131313131313133,
      0.1326530612244898,
      0.13402061855670103,
      0.13541666666666666,
      0.1368421052631579,
      0.13829787234042554,
      0.13978494623655913,
      0.14130434782608695,
      0.14285714285714285,
      0.14444444444444443,
      0.14606741573033707,
      0.14772727272727273,
      0.14942528735632185,
      0.1511627906976744,
      0.15294117647058825,
      0.15476190476190477,
      0.1566265060240964,
      0.15853658536585366,
      0.16049382716049382,
      0.1625,
      0.16455696202531644,
      0.16666666666666666,
      0.16883116883116883,
      0.17105263157894737,
      0.17333333333333334,
      0.17567567567567569,
      0.1780821917808219,
      0.18055555555555555,
      0.18309859154929578,
      0.18571428571428572,
      0.18840579710144928,
      0.19117647058823528,
      0.19402985074626866,
      0.19696969696969696,
      0.18461538461538463,
      0.171875,
      0.15873015873015872,
      0.16129032258064516,
      0.16393442622950818,
      0.16666666666666666,
      0.1694915254237288,
      0.1724137931034483,
      0.17543859649122806,
      0.17857142857142858,
      0.18181818181818182,
      0.18518518518518517,
      0.18867924528301888,
      0.19230769230769232,
      0.17647058823529413,
      0.18,
      0.1836734693877551,
      0.1875,
      0.1702127659574468,
      0.17391304347826086,
      0.17777777777777778,
      0.18181818181818182,
      0.18604651162790697,
      0.19047619047619047,
      0.1951219512195122,
      0.175,
      0.15384615384615385,
      0.15789473684210525,
      0.13513513513513514,
      0.1388888888888889,
      0.14285714285714285,
      0.14705882352941177,
      0.12121212121212122,
      0.125,
      0.12903225806451613,
      0.1,
      0.06896551724137931,
      0.07142857142857142,
      0.037037037037037035,
      0.038461538461538464,
      0.04,
      0.041666666666666664,
      0.043478260869565216,
      0.045454545454545456,
      0.047619047619047616,
      0.05,
      0.05263157894736842,
      0.05555555555555555,
      0.058823529411764705,
      0.0625,
      0.0,
      0.0,
      0.0,
      0.0,
      0.0,
      0.0,
      0.0,
      0.0,
      0.0,
      0.0,
      0.0,
      0.0,
      0.0,
      0.0,
      0.0,
      1.0
    ],
    "pr_recall": [
      1.0,
      1.0,
      1.0,
      1.0,
      1.0,
      1.0,
      1.0,
      1.0,
      1.0,
      1.0,
      1.0,
      1.0,
      1.0,
      1.0,
      1.0,
      1.0,
      1.0,
      1.0,
      1.0,
      0.9375,
      0.9375,
      0.9375,
      0.9375,
      0.875,
      0.8125,
      0.8125,
      0.8125,
      0.8125,
      0.8125,
      0.8125,
      0.8125,
      0.8125,
      0.8125,
      0.8125,
      0.8125,
      0.8125,
      0.8125,
      0.8125,
      0.8125,
      0.8125,
      0.8125,
      0.8125,
      0.8125,
      0.8125,
      0.8125,
      0.8125,
      0.8125,
      0.8125,
      0.8125,
      0.8125,
      0.8125,
      0.8125,
      0.8125,
      0.8125,
      0.8125,
      0.8125,
      0.8125,
      0.8125,
      0.8125,
      0.8125,
      0.8125,
      0.75,
      0.6875,
      0.625,
      0.625,
      0.625,
      0.625,
      0.625,
      0.625,
      0.625,
      0.625,
      0.625,
      0.625,
      0.625,
      0.625,
      0.5625,
      0.5625,
      0.5625,
      0.5625,
      0.5,
      0.5,
      0.5,
      0.5,
      0.5,
      0.5,
      0.5,
      0.4375,
      0.375,
      0.375,
      0.3125,
      0.3125,
      0.3125,
      0.3125,
      0.25,
      0.25,
      0.25,
      0.1875,
      0.125,
      0.125,
      0.0625,
      0.0625,
      0.0625,
      0.0625,
      0.0625,
      0.0625,
      0.0625,
      0.0625,
      0.0625,
      0.0625,
      0.0625,
      0.0625,
      0.0,
      0.0,
      0.0,
      0.0,
      0.0,
      0.0,
      0.0,
      0.0,
      0.0,
      0.0,
      0.0,
      0.0,
      0.0,
      0.0,
      0.0,
      0.0
    ],