{
  "config_path": "/Users/svenhockers/Desktop/project/topology-and-robustness-in-DNNs/out/tabular/baseline/base_e_0.2/configs/trials/trial_000007.json",
  "dataset_name": "TABULAR",
  "metrics_adv": {
    "accuracy": 0.8387096774193549,
    "confusion_matrix": [
      [
        96,
        14
      ],
      [
        6,
        8
      ]
    ],
    "f1": 0.4444444444444444,
    "fpr": [
      0.0,
      0.00909090909090909,
      0.00909090909090909,
      0.02727272727272727,
      0.02727272727272727,
      0.06363636363636363,
      0.06363636363636363,
      0.12727272727272726,
      0.12727272727272726,
      0.16363636363636364,
      0.16363636363636364,
      0.19090909090909092,
      0.19090909090909092,
      0.9454545454545454,
      0.9454545454545454,
      0.990909090909091,
      0.990909090909091,
      1.0,
      1.0
    ],
    "fpr_at_tpr95": 1.0,
    "pr_auc": 0.5039701624402025,
    "pr_precision": [
      0.11290322580645161,
      0.10569105691056911,
      0.10655737704918032,
      0.09917355371900827,
      0.1,
      0.10084033613445378,
      0.1016949152542373,
      0.10256410256410256,
      0.10344827586206896,
      0.09565217391304348,
      0.09649122807017543,
      0.09734513274336283,
      0.09821428571428571,
      0.0990990990990991,
      0.1,
      0.10091743119266056,
      0.10185185185185185,
      0.102803738317757,
      0.10377358490566038,
      0.10476190476190476,
      0.10576923076923077,
      0.10679611650485436,
      0.10784313725490197,
      0.10891089108910891,
      0.11,
      0.1111111111111111,
      0.11224489795918367,
      0.1134020618556701,
      0.11458333333333333,
      0.11578947368421053,
      0.11702127659574468,
      0.11827956989247312,
      0.11956521739130435,
      0.12087912087912088,
      0.12222222222222222,
      0.12359550561797752,
      0.125,
      0.12643678160919541,
      0.12790697674418605,
      0.12941176470588237,
      0.13095238095238096,
      0.13253012048192772,
      0.13414634146341464,
      0.13580246913580246,
      0.1375,
      0.13924050632911392,
      0.14102564102564102,
      0.14285714285714285,
      0.14473684210526316,
      0.14666666666666667,
      0.14864864864864866,
      0.1506849315068493,
      0.1527777777777778,
      0.15492957746478872,
      0.15714285714285714,
      0.15942028985507245,
      0.16176470588235295,
      0.16417910447761194,
      0.16666666666666666,
      0.16923076923076924,
      0.171875,
      0.1746031746031746,
      0.1774193548387097,
      0.18032786885245902,
      0.18333333333333332,
      0.1864406779661017,
      0.1896551724137931,
      0.19298245614035087,
      0.19642857142857142,
      0.2,
      0.2037037037037037,
      0.20754716981132076,
      0.21153846153846154,
      0.21568627450980393,
      0.22,
      0.22448979591836735,
      0.22916666666666666,
      0.23404255319148937,
      0.2391304347826087,
      0.24444444444444444,
      0.25,
      0.2558139534883721,
      0.2619047619047619,
      0.2682926829268293,
      0.275,
      0.28205128205128205,
      0.2894736842105263,
      0.2972972972972973,
      0.3055555555555556,
      0.3142857142857143,
      0.3235294117647059,
      0.3333333333333333,
      0.34375,
      0.3225806451612903,
      0.3333333333333333,
      0.3448275862068966,
      0.35714285714285715,
      0.3333333333333333,
      0.34615384615384615,
      0.36,
      0.375,
      0.391304347826087,
      0.36363636363636365,
      0.38095238095238093,
      0.4,
      0.42105263157894735,
      0.4444444444444444,
      0.47058823529411764,
      0.5,
      0.5333333333333333,
      0.5,
      0.5384615384615384,
      0.5833333333333334,
      0.6363636363636364,
      0.7,
      0.6666666666666666,
      0.75,
      0.8571428571428571,
      0.8333333333333334,
      0.8,
      0.75,
      0.6666666666666666,
      0.5,
      0.0,
      1.0
    ],
    "pr_recall": [
      1.0,
      0.9285714285714286,
      0.9285714285714286,
      0.8571428571428571,
      0.8571428571428571,
      0.8571428571428571,
      0.8571428571428571,
      0.8571428571428571,
      0.8571428571428571,
      0.7857142857142857,
      0.7857142857142857,
      0.7857142857142857,
      0.7857142857142857,
      0.7857142857142857,
      0.7857142857142857,
      0.7857142857142857,
      0.7857142857142857,
      0.7857142857142857,
      0.7857142857142857,
      0.7857142857142857,
      0.7857142857142857,
      0.7857142857142857,
      0.7857142857142857,
      0.7857142857142857,
      0.7857142857142857,
      0.7857142857142857,
      0.7857142857142857,
      0.7857142857142857,
      0.7857142857142857,
      0.7857142857142857,
      0.7857142857142857,
      0.7857142857142857,
      0.7857142857142857,
      0.7857142857142857,
      0.7857142857142857,
      0.7857142857142857,
      0.7857142857142857,
      0.7857142857142857,
      0.7857142857142857,
      0.7857142857142857,
      0.7857142857142857,
      0.7857142857142857,
      0.7857142857142857,
      0.7857142857142857,
      0.7857142857142857,
      0.7857142857142857,
      0.7857142857142857,
      0.7857142857142857,
      0.7857142857142857,
      0.7857142857142857,
      0.7857142857142857,
      0.7857142857142857,
      0.7857142857142857,
      0.7857142857142857,
      0.7857142857142857,
      0.7857142857142857,
      0.7857142857142857,
      0.7857142857142857,
      0.7857142857142857,
      0.7857142857142857,
      0.7857142857142857,
      0.7857142857142857,
      0.7857142857142857,
      0.7857142857142857,
      0.7857142857142857,
      0.7857142857142857,
      0.7857142857142857,
      0.7857142857142857,
      0.7857142857142857,
      0.7857142857142857,
      0.7857142857142857,
      0.7857142857142857,
      0.7857142857142857,
      0.7857142857142857,
      0.7857142857142857,
      0.7857142857142857,
      0.7857142857142857,
      0.7857142857142857,
      0.7857142857142857,
      0.7857142857142857,
      0.7857142857142857,
      0.7857142857142857,
      0.7857142857142857,
      0.7857142857142857,
      0.7857142857142857,
      0.7857142857142857,
      0.7857142857142857,
      0.7857142857142857,
      0.7857142857142857,
      0.7857142857142857,
      0.7857142857142857,
      0.7857142857142857,
      0.7857142857142857,
      0.7142857142857143,
      0.7142857142857143,
      0.7142857142857143,
      0.7142857142857143,
      0.6428571428571429,
      0.6428571428571429,
      0.6428571428571429,
      0.6428571428571429,
      0.6428571428571429,
      0.5714285714285714,
      0.5714285714285714,
      0.5714285714285714,
      0.5714285714285714,
      0.5714285714285714,
      0.5714285714285714,
      0.5714285714285714,
      0.5714285714285714,
      0.5,
      0.5,
      0.5,
      0.5,
      0.5,
      0.42857142857142855,
      0.42857142857142855,
      0.42857142857142855,
      0.35714285714285715,
      0.2857142857142857,
      0.21428571428571427,
      0.14285714285714285,
      0.07142857142857142,
      0.0,
      0.0
    ],