{
  "config_path": "/Users/svenhockers/Desktop/project/topology-and-robustness-in-DNNs/out/tabular/topology_only/base_e_0.1/configs/trials/trial_000013.json",
  "dataset_name": "TABULAR",
  "metrics_adv": {
    "accuracy": 0.8034188034188035,
    "confusion_matrix": [
      [
        92,
        18
      ],
      [
        5,
        2
      ]
    ],
    "f1": 0.14814814814814817,
    "fpr": [
      0.0,
      0.00909090909090909,
      0.07272727272727272,
      0.07272727272727272,
      0.08181818181818182,
      0.08181818181818182,
      0.43636363636363634,
      0.43636363636363634,
      0.5545454545454546,
      0.5545454545454546,
      0.7454545454545455,
      0.7454545454545455,
      0.9818181818181818,
      0.9818181818181818,
      1.0,
      1.0
    ],
    "fpr_at_tpr95": 1.0,
    "pr_auc": 0.08331759814625192,
    "pr_precision": [
      0.05982905982905983,
      0.05172413793103448,
      0.05217391304347826,
      0.05263157894736842,
      0.04424778761061947,
      0.044642857142857144,
      0.04504504504504504,
      0.045454545454545456,
      0.045871559633027525,
      0.046296296296296294,
      0.04672897196261682,
      0.04716981132075472,
      0.047619047619047616,
      0.04807692307692308,
      0.04854368932038835,
      0.049019607843137254,
      0.04950495049504951,
      0.05,
      0.050505050505050504,
      0.05102040816326531,
      0.05154639175257732,
      0.052083333333333336,
      0.05263157894736842,
      0.05319148936170213,
      0.053763440860215055,
      0.05434782608695652,
      0.054945054945054944,
      0.05555555555555555,
      0.056179775280898875,
      0.056818181818181816,
      0.05747126436781609,
      0.046511627906976744,
      0.047058823529411764,
      0.047619047619047616,
      0.04819277108433735,
      0.04878048780487805,
      0.04938271604938271,
      0.05,
      0.05063291139240506,
      0.05128205128205128,
      0.05194805194805195,
      0.05263157894736842,
      0.05333333333333334,
      0.05405405405405406,
      0.0547945205479452,
      0.05555555555555555,
      0.056338028169014086,
      0.05714285714285714,
      0.057971014492753624,
      0.058823529411764705,
      0.05970149253731343,
      0.06060606060606061,
      0.06153846153846154,
      0.046875,
      0.047619047619047616,
      0.04838709677419355,
      0.04918032786885246,
      0.05,
      0.05084745762711865,
      0.05172413793103448,
      0.05263157894736842,
      0.05357142857142857,
      0.05454545454545454,
      0.05555555555555555,
      0.05660377358490566,
      0.057692307692307696,
      0.058823529411764705,
      0.04,
      0.04081632653061224,
      0.041666666666666664,
      0.0425531914893617,
      0.043478260869565216,
      0.044444444444444446,
      0.045454545454545456,
      0.046511627906976744,
      0.047619047619047616,
      0.04878048780487805,
      0.05,
      0.05128205128205128,
      0.05263157894736842,
      0.05405405405405406,
      0.05555555555555555,
      0.05714285714285714,
      0.058823529411764705,
      0.06060606060606061,
      0.0625,
      0.06451612903225806,
      0.06666666666666667,
      0.06896551724137931,
      0.07142857142857142,
      0.07407407407407407,
      0.07692307692307693,
      0.08,
      0.08333333333333333,
      0.08695652173913043,
      0.09090909090909091,
      0.09523809523809523,
      0.1,
      0.10526315789473684,
      0.1111111111111111,
      0.11764705882352941,
      0.125,
      0.13333333333333333,
      0.14285714285714285,
      0.15384615384615385,
      0.16666666666666666,
      0.18181818181818182,
      0.1,
      0.1111111111111111,
      0.0,
      0.0,
      0.0,
      0.0,
      0.0,
      0.0,
      0.0,
      0.0,
      1.0
    ],
    "pr_recall": [
      1.0,
      0.8571428571428571,
      0.8571428571428571,
      0.8571428571428571,
      0.7142857142857143,
      0.7142857142857143,
      0.7142857142857143,
      0.7142857142857143,
      0.7142857142857143,
      0.7142857142857143,
      0.7142857142857143,
      0.7142857142857143,
      0.7142857142857143,
      0.7142857142857143,
      0.7142857142857143,
      0.7142857142857143,
      0.7142857142857143,
      0.7142857142857143,
      0.7142857142857143,
      0.7142857142857143,
      0.7142857142857143,
      0.7142857142857143,
      0.7142857142857143,
      0.7142857142857143,
      0.7142857142857143,
      0.7142857142857143,
      0.7142857142857143,
      0.7142857142857143,
      0.7142857142857143,
      0.7142857142857143,
      0.7142857142857143,
      0.5714285714285714,
      0.5714285714285714,
      0.5714285714285714,
      0.5714285714285714,
      0.5714285714285714,
      0.5714285714285714,
      0.5714285714285714,
      0.5714285714285714,
      0.5714285714285714,
      0.5714285714285714,
      0.5714285714285714,
      0.5714285714285714,
      0.5714285714285714,
      0.5714285714285714,
      0.5714285714285714,
      0.5714285714285714,
      0.5714285714285714,
      0.5714285714285714,
      0.5714285714285714,
      0.5714285714285714,
      0.5714285714285714,
      0.5714285714285714,
      0.42857142857142855,
      0.42857142857142855,
      0.42857142857142855,
      0.42857142857142855,
      0.42857142857142855,
      0.42857142857142855,
      0.42857142857142855,
      0.42857142857142855,
      0.42857142857142855,
      0.42857142857142855,
      0.42857142857142855,
      0.42857142857142855,
      0.42857142857142855,
      0.42857142857142855,
      0.2857142857142857,
      0.2857142857142857,
      0.2857142857142857,
      0.2857142857142857,
      0.2857142857142857,
      0.2857142857142857,
      0.2857142857142857,
      0.2857142857142857,
      0.2857142857142857,
      0.2857142857142857,
      0.2857142857142857,
      0.2857142857142857,
      0.2857142857142857,
      0.2857142857142857,
      0.2857142857142857,
      0.2857142857142857,
      0.2857142857142857,
      0.2857142857142857,
      0.2857142857142857,
      0.2857142857142857,
      0.2857142857142857,
      0.2857142857142857,
      0.2857142857142857,
      0.2857142857142857,
      0.2857142857142857,
      0.2857142857142857,
      0.2857142857142857,
      0.2857142857142857,
      0.2857142857142857,
      0.2857142857142857,
      0.2857142857142857,
      0.2857142857142857,
      0.2857142857142857,
      0.2857142857142857,
      0.2857142857142857,
      0.2857142857142857,
      0.2857142857142857,
      0.2857142857142857,
      0.2857142857142857,
      0.2857142857142857,
      0.14285714285714285,
      0.14285714285714285,
      0.0,
      0.0,
      0.0,
      0.0,
      0.0,
      0.0,
      0.0,
      0.0,
      0.0
    ],