{
  "config_path": "/Users/svenhockers/Desktop/project/topology-and-robustness-in-DNNs/out/torus_one_hole/topology_only/base_torus_one_hole_e_0.3_copy/configs/trials/trial_000011.json",
  "dataset_name": "VECTOR",
  "metrics_adv": {
    "accuracy": 0.8455284552845529,
    "confusion_matrix": [
      [
        204,
        36
      ],
      [
        2,
        4
      ]
    ],
    "f1": 0.1739130434782609,
    "fpr": [
      0.0,
      0.004166666666666667,
      0.016666666666666666,
      0.016666666666666666,
      0.025,
      0.025,
      0.06666666666666667,
      0.06666666666666667,
      0.1125,
      0.1125,
      0.17083333333333334,
      0.17083333333333334,
      0.4666666666666667,
      0.4666666666666667,
      1.0
    ],
    "fpr_at_tpr95": 0.4666666666666667,
    "pr_auc": 0.14941168411794217,
    "pr_precision": [
      0.024390243902439025,
      0.024489795918367346,
      0.02459016393442623,
      0.024691358024691357,
      0.024793388429752067,
      0.024896265560165973,
      0.025,
      0.02510460251046025,
      0.025210084033613446,
      0.02531645569620253,
      0.025423728813559324,
      0.02553191489361702,
      0.02564102564102564,
      0.02575107296137339,
      0.02586206896551724,
      0.025974025974025976,
      0.02608695652173913,
      0.026200873362445413,
      0.02631578947368421,
      0.02643171806167401,
      0.02654867256637168,
      0.02666666666666667,
      0.026785714285714284,
      0.026905829596412557,
      0.02702702702702703,
      0.027149321266968326,
      0.02727272727272727,
      0.0273972602739726,
      0.027522935779816515,
      0.027649769585253458,
      0.027777777777777776,
      0.027906976744186046,
      0.028037383177570093,
      0.028169014084507043,
      0.02830188679245283,
      0.02843601895734597,
      0.02857142857142857,
      0.028708133971291867,
      0.028846153846153848,
      0.028985507246376812,
      0.02912621359223301,
      0.02926829268292683,
      0.029411764705882353,
      0.029556650246305417,
      0.0297029702970297,
      0.029850746268656716,
      0.03,
      0.03015075376884422,
      0.030303030303030304,
      0.030456852791878174,
      0.030612244897959183,
      0.03076923076923077,
      0.030927835051546393,
      0.031088082901554404,
      0.03125,
      0.031413612565445025,
      0.031578947368421054,
      0.031746031746031744,
      0.031914893617021274,
      0.03208556149732621,
      0.03225806451612903,
      0.032432432432432434,
      0.03260869565217391,
      0.03278688524590164,
      0.03296703296703297,
      0.03314917127071823,
      0.03333333333333333,
      0.0335195530726257,
      0.033707865168539325,
      0.03389830508474576,
      0.03409090909090909,
      0.03428571428571429,
      0.034482758620689655,
      0.03468208092485549,
      0.03488372093023256,
      0.03508771929824561,
      0.03529411764705882,
      0.03550295857988166,
      0.03571428571428571,
      0.03592814371257485,
      0.03614457831325301,
      0.03636363636363636,
      0.036585365853658534,
      0.03680981595092025,
      0.037037037037037035,
      0.037267080745341616,
      0.0375,
      0.03773584905660377,
      0.0379746835443038,
      0.03821656050955414,
      0.038461538461538464,
      0.03870967741935484,
      0.03896103896103896,
      0.0392156862745098,
      0.039473684210526314,
      0.039735099337748346,
      0.04,
      0.040268456375838924,
      0.04054054054054054,
      0.04081632653061224,
      0.0410958904109589,
      0.041379310344827586,
      0.041666666666666664,
      0.04195804195804196,
      0.04225352112676056,
      0.0425531914893617,
      0.04285714285714286,
      0.04316546762589928,
      0.043478260869565216,
      0.043795620437956206,
      0.04411764705882353,
      0.044444444444444446,
      0.04477611940298507,
      0.045112781954887216,
      0.045454545454545456,
      0.04580152671755725,
      0.046153846153846156,
      0.046511627906976744,
      0.046875,
      0.047244094488188976,
      0.047619047619047616,
      0.048,
      0.04838709677419355,
      0.04878048780487805,
      0.04918032786885246,
      0.049586776859504134,
      0.05,
      0.05042016806722689,
      0.05084745762711865,
      0.042735042735042736,
      0.04310344827586207,
      0.043478260869565216,
      0.043859649122807015,
      0.04424778761061947,
      0.044642857142857144,
      0.04504504504504504,
      0.045454545454545456,
      0.045871559633027525,
      0.046296296296296294,
      0.04672897196261682,
      0.04716981132075472,
      0.047619047619047616,
      0.04807692307692308,
      0.04854368932038835,
      0.049019607843137254,
      0.04950495049504951,
      0.05,
      0.050505050505050504,
      0.05102040816326531,
      0.05154639175257732,
      0.052083333333333336,
      0.05263157894736842,
      0.05319148936170213,
      0.053763440860215055,
      0.05434782608695652,
      0.054945054945054944,
      0.05555555555555555,
      0.056179775280898875,
      0.056818181818181816,
      0.05747126436781609,
      0.05813953488372093,
      0.058823529411764705,
      0.05952380952380952,
      0.060240963855421686,
      0.06097560975609756,
      0.06172839506172839,
      0.0625,
      0.06329113924050633,
      0.0641025641025641,
      0.06493506493506493,
      0.06578947368421052,
      0.06666666666666667,
      0.06756756756756757,
      0.0684931506849315,
      0.06944444444444445,
      0.07042253521126761,
      0.07142857142857142,
      0.07246376811594203,
      0.07352941176470588,
      0.07462686567164178,
      0.07575757575757576,
      0.07692307692307693,
      0.078125,
      0.07936507936507936,
      0.08064516129032258,
      0.08196721311475409,
      0.08333333333333333,
      0.0847457627118644,
      0.08620689655172414,
      0.08771929824561403,
      0.08928571428571429,
      0.09090909090909091,
      0.09259259259259259,
      0.09433962264150944,
      0.09615384615384616,
      0.09803921568627451,
      0.1,
      0.10204081632653061,
      0.10416666666666667,
      0.10638297872340426,
      0.10869565217391304,
      0.08888888888888889,
      0.09090909090909091,
      0.09302325581395349,
      0.09523809523809523,
      0.0975609756097561,
      0.1,
      0.10256410256410256,
      0.10526315789473684,
      0.10810810810810811,
      0.1111111111111111,
      0.11428571428571428,
      0.11764705882352941,
      0.12121212121212122,
      0.125,
      0.12903225806451613,
      0.1,
      0.10344827586206896,
      0.10714285714285714,
      0.1111111111111111,
      0.11538461538461539,
      0.12,
      0.125,
      0.13043478260869565,
      0.13636363636363635,
      0.14285714285714285,
      0.15,
      0.15789473684210525,
      0.1111111111111111,
      0.11764705882352941,
      0.125,
      0.13333333333333333,
      0.14285714285714285,
      0.15384615384615385,
      0.16666666666666666,
      0.18181818181818182,
      0.2,
      0.2222222222222222,
      0.25,
      0.14285714285714285,
      0.16666666666666666,
      0.2,
      0.0,
      0.0,
      0.0,
      0.0,
      1.0
    ],