{
  "config_path": "/Users/svenhockers/Desktop/project/topology-and-robustness-in-DNNs/out/tabular/baseline/base_e_0.1/configs/trials/trial_000004.json",
  "dataset_name": "TABULAR",
  "metrics_adv": {
    "accuracy": 0.811965811965812,
    "confusion_matrix": [
      [
        89,
        21
      ],
      [
        1,
        6
      ]
    ],
    "f1": 0.35294117647058826,
    "fpr": [
      0.0,
      0.0,
      0.0,
      0.00909090909090909,
      0.00909090909090909,
      0.01818181818181818,
      0.01818181818181818,
      0.02727272727272727,
      0.02727272727272727,
      0.19090909090909092,
      0.19090909090909092,
      1.0
    ],
    "fpr_at_tpr95": 0.19090909090909092,
    "pr_auc": 0.7210884353741496,
    "pr_precision": [
      0.05982905982905983,
      0.0603448275862069,
      0.06086956521739131,
      0.06140350877192982,
      0.061946902654867256,
      0.0625,
      0.06306306306306306,
      0.06363636363636363,
      0.06422018348623854,
      0.06481481481481481,
      0.06542056074766354,
      0.0660377358490566,
      0.06666666666666667,
      0.0673076923076923,
      0.06796116504854369,
      0.06862745098039216,
      0.06930693069306931,
      0.07,
      0.0707070707070707,
      0.07142857142857142,
      0.07216494845360824,
      0.07291666666666667,
      0.07368421052631578,
      0.07446808510638298,
      0.07526881720430108,
      0.07608695652173914,
      0.07692307692307693,
      0.07777777777777778,
      0.07865168539325842,
      0.07954545454545454,
      0.08045977011494253,
      0.08139534883720931,
      0.08235294117647059,
      0.08333333333333333,
      0.08433734939759036,
      0.08536585365853659,
      0.08641975308641975,
      0.0875,
      0.08860759493670886,
      0.08974358974358974,
      0.09090909090909091,
      0.09210526315789473,
      0.09333333333333334,
      0.0945945945945946,
      0.0958904109589041,
      0.09722222222222222,
      0.09859154929577464,
      0.1,
      0.10144927536231885,
      0.10294117647058823,
      0.1044776119402985,
      0.10606060606060606,
      0.1076923076923077,
      0.109375,
      0.1111111111111111,
      0.11290322580645161,
      0.11475409836065574,
      0.11666666666666667,
      0.11864406779661017,
      0.1206896551724138,
      0.12280701754385964,
      0.125,
      0.12727272727272726,
      0.12962962962962962,
      0.1320754716981132,
      0.1346153846153846,
      0.13725490196078433,
      0.14,
      0.14285714285714285,
      0.14583333333333334,
      0.14893617021276595,
      0.15217391304347827,
      0.15555555555555556,
      0.1590909090909091,
      0.16279069767441862,
      0.16666666666666666,
      0.17073170731707318,
      0.175,
      0.1794871794871795,
      0.18421052631578946,
      0.1891891891891892,
      0.19444444444444445,
      0.2,
      0.20588235294117646,
      0.21212121212121213,
      0.21875,
      0.22580645161290322,
      0.23333333333333334,
      0.2413793103448276,
      0.25,
      0.2222222222222222,
      0.23076923076923078,
      0.24,
      0.25,
      0.2608695652173913,
      0.2727272727272727,
      0.2857142857142857,
      0.3,
      0.3157894736842105,
      0.3333333333333333,
      0.35294117647058826,
      0.375,
      0.4,
      0.42857142857142855,
      0.46153846153846156,
      0.5,
      0.5454545454545454,
      0.6,
      0.6666666666666666,
      0.625,
      0.7142857142857143,
      0.6666666666666666,
      0.6,
      0.75,
      0.6666666666666666,
      1.0,
      1.0,
      1.0
    ],
    "pr_recall": [
      1.0,
      1.0,
      1.0,
      1.0,
      1.0,
      1.0,
      1.0,
      1.0,
      1.0,
      1.0,
      1.0,
      1.0,
      1.0,
      1.0,
      1.0,
      1.0,
      1.0,
      1.0,
      1.0,
      1.0,
      1.0,
      1.0,
      1.0,
      1.0,
      1.0,
      1.0,
      1.0,
      1.0,
      1.0,
      1.0,
      1.0,
      1.0,
      1.0,
      1.0,
      1.0,
      1.0,
      1.0,
      1.0,
      1.0,
      1.0,
      1.0,
      1.0,
      1.0,
      1.0,
      1.0,
      1.0,
      1.0,
      1.0,
      1.0,
      1.0,
      1.0,
      1.0,
      1.0,
      1.0,
      1.0,
      1.0,
      1.0,
      1.0,
      1.0,
      1.0,
      1.0,
      1.0,
      1.0,
      1.0,
      1.0,
      1.0,
      1.0,
      1.0,
      1.0,
      1.0,
      1.0,
      1.0,
      1.0,
      1.0,
      1.0,
      1.0,
      1.0,
      1.0,
      1.0,
      1.0,
      1.0,
      1.0,
      1.0,
      1.0,
      1.0,
      1.0,
      1.0,
      1.0,
      1.0,
      1.0,
      0.8571428571428571,
      0.8571428571428571,
      0.8571428571428571,
      0.8571428571428571,
      0.8571428571428571,
      0.8571428571428571,
      0.8571428571428571,
      0.8571428571428571,
      0.8571428571428571,
      0.8571428571428571,
      0.8571428571428571,
      0.8571428571428571,
      0.8571428571428571,
      0.8571428571428571,
      0.8571428571428571,
      0.8571428571428571,
      0.8571428571428571,
      0.8571428571428571,
      0.8571428571428571,
      0.7142857142857143,
      0.7142857142857143,
      0.5714285714285714,
      0.42857142857142855,
      0.42857142857142855,
      0.2857142857142857,
      0.2857142857142857,
      0.14285714285714285,
      0.0
    ],