{
  "config_path": "/Users/svenhockers/Desktop/project/topology-and-robustness-in-DNNs/out/topology_only/base_torus_one_hole_e_0.3_copy/configs/trials/trial_000005.json",
  "dataset_name": "VECTOR",
  "metrics_adv": {
    "accuracy": 0.8943089430894309,
    "confusion_matrix": [
      [
        218,
        22
      ],
      [
        4,
        2
      ]
    ],
    "f1": 0.13333333333333333,
    "fpr": [
      0.0,
      0.0,
      0.0625,
      0.0625,
      0.4375,
      0.4375,
      0.6166666666666667,
      0.6166666666666667,
      0.875,
      0.875,
      0.9291666666666667,
      0.9291666666666667,
      1.0
    ],
    "fpr_at_tpr95": 0.9291666666666667,
    "pr_auc": 0.2035328855651542,
    "pr_precision": [
      0.024390243902439025,
      0.024489795918367346,
      0.02459016393442623,
      0.024691358024691357,
      0.024793388429752067,
      0.024896265560165973,
      0.025,
      0.02510460251046025,
      0.025210084033613446,
      0.02531645569620253,
      0.025423728813559324,
      0.02553191489361702,
      0.02564102564102564,
      0.02575107296137339,
      0.02586206896551724,
      0.025974025974025976,
      0.02608695652173913,
      0.026200873362445413,
      0.021929824561403508,
      0.022026431718061675,
      0.022123893805309734,
      0.022222222222222223,
      0.022321428571428572,
      0.02242152466367713,
      0.02252252252252252,
      0.02262443438914027,
      0.022727272727272728,
      0.0228310502283105,
      0.022935779816513763,
      0.02304147465437788,
      0.023148148148148147,
      0.023255813953488372,
      0.018691588785046728,
      0.018779342723004695,
      0.018867924528301886,
      0.018957345971563982,
      0.01904761904761905,
      0.019138755980861243,
      0.019230769230769232,
      0.01932367149758454,
      0.019417475728155338,
      0.01951219512195122,
      0.0196078431372549,
      0.019704433497536946,
      0.019801980198019802,
      0.01990049751243781,
      0.02,
      0.020100502512562814,
      0.020202020202020204,
      0.02030456852791878,
      0.02040816326530612,
      0.020512820512820513,
      0.020618556701030927,
      0.02072538860103627,
      0.020833333333333332,
      0.020942408376963352,
      0.021052631578947368,
      0.021164021164021163,
      0.02127659574468085,
      0.0213903743315508,
      0.021505376344086023,
      0.021621621621621623,
      0.021739130434782608,
      0.02185792349726776,
      0.02197802197802198,
      0.022099447513812154,
      0.022222222222222223,
      0.0223463687150838,
      0.02247191011235955,
      0.022598870056497175,
      0.022727272727272728,
      0.022857142857142857,
      0.022988505747126436,
      0.023121387283236993,
      0.023255813953488372,
      0.023391812865497075,
      0.023529411764705882,
      0.023668639053254437,
      0.023809523809523808,
      0.023952095808383235,
      0.024096385542168676,
      0.024242424242424242,
      0.024390243902439025,
      0.024539877300613498,
      0.024691358024691357,
      0.024844720496894408,
      0.025,
      0.025157232704402517,
      0.02531645569620253,
      0.025477707006369428,
      0.02564102564102564,
      0.025806451612903226,
      0.025974025974025976,
      0.026143790849673203,
      0.02631578947368421,
      0.019867549668874173,
      0.02,
      0.020134228187919462,
      0.02027027027027027,
      0.02040816326530612,
      0.02054794520547945,
      0.020689655172413793,
      0.020833333333333332,
      0.02097902097902098,
      0.02112676056338028,
      0.02127659574468085,
      0.02142857142857143,
      0.02158273381294964,
      0.021739130434782608,
      0.021897810218978103,
      0.022058823529411766,
      0.022222222222222223,
      0.022388059701492536,
      0.022556390977443608,
      0.022727272727272728,
      0.022900763358778626,
      0.023076923076923078,
      0.023255813953488372,
      0.0234375,
      0.023622047244094488,
      0.023809523809523808,
      0.024,
      0.024193548387096774,
      0.024390243902439025,
      0.02459016393442623,
      0.024793388429752067,
      0.025,
      0.025210084033613446,
      0.025423728813559324,
      0.02564102564102564,
      0.02586206896551724,
      0.02608695652173913,
      0.02631578947368421,
      0.02654867256637168,
      0.026785714285714284,
      0.02702702702702703,
      0.02727272727272727,
      0.027522935779816515,
      0.027777777777777776,
      0.018691588785046728,
      0.018867924528301886,
      0.01904761904761905,
      0.019230769230769232,
      0.019417475728155338,
      0.0196078431372549,
      0.019801980198019802,
      0.02,
      0.020202020202020204,
      0.02040816326530612,
      0.020618556701030927,
      0.020833333333333332,
      0.021052631578947368,
      0.02127659574468085,
      0.021505376344086023,
      0.021739130434782608,
      0.02197802197802198,
      0.022222222222222223,
      0.02247191011235955,
      0.022727272727272728,
      0.022988505747126436,
      0.023255813953488372,
      0.023529411764705882,
      0.023809523809523808,
      0.024096385542168676,
      0.024390243902439025,
      0.024691358024691357,
      0.025,
      0.02531645569620253,
      0.02564102564102564,
      0.025974025974025976,
      0.02631578947368421,
      0.02666666666666667,
      0.02702702702702703,
      0.0273972602739726,
      0.027777777777777776,
      0.028169014084507043,
      0.02857142857142857,
      0.028985507246376812,
      0.029411764705882353,
      0.029850746268656716,
      0.030303030303030304,
      0.03076923076923077,
      0.03125,
      0.031746031746031744,
      0.03225806451612903,
      0.03278688524590164,
      0.03333333333333333,
      0.03389830508474576,
      0.034482758620689655,
      0.03508771929824561,
      0.03571428571428571,
      0.03636363636363636,
      0.037037037037037035,
      0.03773584905660377,
      0.038461538461538464,
      0.0392156862745098,
      0.04,
      0.04081632653061224,
      0.041666666666666664,
      0.0425531914893617,
      0.043478260869565216,
      0.044444444444444446,
      0.045454545454545456,
      0.046511627906976744,
      0.047619047619047616,
      0.04878048780487805,
      0.05,
      0.05128205128205128,
      0.05263157894736842,
      0.05405405405405406,
      0.05555555555555555,
      0.05714285714285714,
      0.058823529411764705,
      0.06060606060606061,
      0.0625,
      0.06451612903225806,
      0.06666666666666667,
      0.06896551724137931,
      0.07142857142857142,
      0.07407407407407407,
      0.07692307692307693,
      0.08,
      0.08333333333333333,
      0.08695652173913043,
      0.09090909090909091,
      0.09523809523809523,
      0.1,
      0.10526315789473684,
      0.1111111111111111,
      0.11764705882352941,
      0.0625,
      0.06666666666666667,
      0.07142857142857142,
      0.07692307692307693,
      0.08333333333333333,
      0.09090909090909091,
      0.1,
      0.1111111111111111,
      0.125,
      0.14285714285714285,
      0.16666666666666666,
      0.2,
      0.25,
      0.3333333333333333,
      0.5,
      1.0,
      1.0
    ],