{
  "config_path": "/Users/svenhockers/Desktop/project/topology-and-robustness-in-DNNs/out/tabular/baseline/base_e_0.1/configs/trials/trial_000014.json",
  "dataset_name": "TABULAR",
  "metrics_adv": {
    "accuracy": 0.9230769230769231,
    "confusion_matrix": [
      [
        102,
        8
      ],
      [
        1,
        6
      ]
    ],
    "f1": 0.5714285714285714,
    "fpr": [
      0.0,
      0.0,
      0.00909090909090909,
      0.00909090909090909,
      0.045454545454545456,
      0.045454545454545456,
      0.8363636363636363,
      0.8363636363636363,
      1.0
    ],
    "fpr_at_tpr95": 0.8363636363636363,
    "pr_auc": 0.6665945165945166,
    "pr_precision": [
      0.05982905982905983,
      0.0603448275862069,
      0.06086956521739131,
      0.06140350877192982,
      0.061946902654867256,
      0.0625,
      0.06306306306306306,
      0.06363636363636363,
      0.06422018348623854,
      0.06481481481481481,
      0.06542056074766354,
      0.0660377358490566,
      0.06666666666666667,
      0.0673076923076923,
      0.06796116504854369,
      0.06862745098039216,
      0.06930693069306931,
      0.07,
      0.0707070707070707,
      0.061224489795918366,
      0.061855670103092786,
      0.0625,
      0.06315789473684211,
      0.06382978723404255,
      0.06451612903225806,
      0.06521739130434782,
      0.06593406593406594,
      0.06666666666666667,
      0.06741573033707865,
      0.06818181818181818,
      0.06896551724137931,
      0.06976744186046512,
      0.07058823529411765,
      0.07142857142857142,
      0.07228915662650602,
      0.07317073170731707,
      0.07407407407407407,
      0.075,
      0.0759493670886076,
      0.07692307692307693,
      0.07792207792207792,
      0.07894736842105263,
      0.08,
      0.08108108108108109,
      0.0821917808219178,
      0.08333333333333333,
      0.08450704225352113,
      0.08571428571428572,
      0.08695652173913043,
      0.08823529411764706,
      0.08955223880597014,
      0.09090909090909091,
      0.09230769230769231,
      0.09375,
      0.09523809523809523,
      0.0967741935483871,
      0.09836065573770492,
      0.1,
      0.1016949152542373,
      0.10344827586206896,
      0.10526315789473684,
      0.10714285714285714,
      0.10909090909090909,
      0.1111111111111111,
      0.11320754716981132,
      0.11538461538461539,
      0.11764705882352941,
      0.12,
      0.12244897959183673,
      0.125,
      0.1276595744680851,
      0.13043478260869565,
      0.13333333333333333,
      0.13636363636363635,
      0.13953488372093023,
      0.14285714285714285,
      0.14634146341463414,
      0.15,
      0.15384615384615385,
      0.15789473684210525,
      0.16216216216216217,
      0.16666666666666666,
      0.17142857142857143,
      0.17647058823529413,
      0.18181818181818182,
      0.1875,
      0.1935483870967742,
      0.2,
      0.20689655172413793,
      0.21428571428571427,
      0.2222222222222222,
      0.23076923076923078,
      0.24,
      0.25,
      0.2608695652173913,
      0.2727272727272727,
      0.2857142857142857,
      0.3,
      0.3157894736842105,
      0.3333333333333333,
      0.35294117647058826,
      0.375,
      0.4,
      0.42857142857142855,
      0.46153846153846156,
      0.5,
      0.5454545454545454,
      0.5,
      0.5555555555555556,
      0.625,
      0.7142857142857143,
      0.8333333333333334,
      0.8,
      0.75,
      0.6666666666666666,
      0.5,
      1.0,
      1.0
    ],
    "pr_recall": [
      1.0,
      1.0,
      1.0,
      1.0,
      1.0,
      1.0,
      1.0,
      1.0,
      1.0,
      1.0,
      1.0,
      1.0,
      1.0,
      1.0,
      1.0,
      1.0,
      1.0,
      1.0,
      1.0,
      0.8571428571428571,
      0.8571428571428571,
      0.8571428571428571,
      0.8571428571428571,
      0.8571428571428571,
      0.8571428571428571,
      0.8571428571428571,
      0.8571428571428571,
      0.8571428571428571,
      0.8571428571428571,
      0.8571428571428571,
      0.8571428571428571,
      0.8571428571428571,
      0.8571428571428571,
      0.8571428571428571,
      0.8571428571428571,
      0.8571428571428571,
      0.8571428571428571,
      0.8571428571428571,
      0.8571428571428571,
      0.8571428571428571,
      0.8571428571428571,
      0.8571428571428571,
      0.8571428571428571,
      0.8571428571428571,
      0.8571428571428571,
      0.8571428571428571,
      0.8571428571428571,
      0.8571428571428571,
      0.8571428571428571,
      0.8571428571428571,
      0.8571428571428571,
      0.8571428571428571,
      0.8571428571428571,
      0.8571428571428571,
      0.8571428571428571,
      0.8571428571428571,
      0.8571428571428571,
      0.8571428571428571,
      0.8571428571428571,
      0.8571428571428571,
      0.8571428571428571,
      0.8571428571428571,
      0.8571428571428571,
      0.8571428571428571,
      0.8571428571428571,
      0.8571428571428571,
      0.8571428571428571,
      0.8571428571428571,
      0.8571428571428571,
      0.8571428571428571,
      0.8571428571428571,
      0.8571428571428571,
      0.8571428571428571,
      0.8571428571428571,
      0.8571428571428571,
      0.8571428571428571,
      0.8571428571428571,
      0.8571428571428571,
      0.8571428571428571,
      0.8571428571428571,
      0.8571428571428571,
      0.8571428571428571,
      0.8571428571428571,
      0.8571428571428571,
      0.8571428571428571,
      0.8571428571428571,
      0.8571428571428571,
      0.8571428571428571,
      0.8571428571428571,
      0.8571428571428571,
      0.8571428571428571,
      0.8571428571428571,
      0.8571428571428571,
      0.8571428571428571,
      0.8571428571428571,
      0.8571428571428571,
      0.8571428571428571,
      0.8571428571428571,
      0.8571428571428571,
      0.8571428571428571,
      0.8571428571428571,
      0.8571428571428571,
      0.8571428571428571,
      0.8571428571428571,
      0.8571428571428571,
      0.8571428571428571,
      0.8571428571428571,
      0.7142857142857143,
      0.7142857142857143,
      0.7142857142857143,
      0.7142857142857143,
      0.7142857142857143,
      0.5714285714285714,
      0.42857142857142855,
      0.2857142857142857,
      0.14285714285714285,
      0.14285714285714285,
      0.0
    ],