{
  "config_path": "/Users/svenhockers/Desktop/project/topology-and-robustness-in-DNNs/out/torus_one_hole/base_torus_one_hole_e_0.3_copy/configs/trials/trial_000003.json",
  "dataset_name": "VECTOR",
  "metrics_adv": {
    "accuracy": 0.8699186991869918,
    "confusion_matrix": [
      [
        211,
        29
      ],
      [
        3,
        3
      ]
    ],
    "f1": 0.15789473684210525,
    "fpr": [
      0.0,
      0.004166666666666667,
      0.03333333333333333,
      0.03333333333333333,
      0.058333333333333334,
      0.058333333333333334,
      0.06666666666666667,
      0.06666666666666667,
      0.3458333333333333,
      0.3458333333333333,
      0.36666666666666664,
      0.36666666666666664,
      0.9708333333333333,
      0.9708333333333333,
      1.0
    ],
    "fpr_at_tpr95": 0.9708333333333333,
    "pr_auc": 0.08647515046969076,
    "pr_precision": [
      0.024390243902439025,
      0.024489795918367346,
      0.02459016393442623,
      0.024691358024691357,
      0.024793388429752067,
      0.024896265560165973,
      0.025,
      0.02510460251046025,
      0.02100840336134454,
      0.02109704641350211,
      0.0211864406779661,
      0.02127659574468085,
      0.021367521367521368,
      0.02145922746781116,
      0.021551724137931036,
      0.021645021645021644,
      0.021739130434782608,
      0.021834061135371178,
      0.021929824561403508,
      0.022026431718061675,
      0.022123893805309734,
      0.022222222222222223,
      0.022321428571428572,
      0.02242152466367713,
      0.02252252252252252,
      0.02262443438914027,
      0.022727272727272728,
      0.0228310502283105,
      0.022935779816513763,
      0.02304147465437788,
      0.023148148148148147,
      0.023255813953488372,
      0.02336448598130841,
      0.023474178403755867,
      0.02358490566037736,
      0.023696682464454975,
      0.023809523809523808,
      0.023923444976076555,
      0.02403846153846154,
      0.024154589371980676,
      0.024271844660194174,
      0.024390243902439025,
      0.024509803921568627,
      0.024630541871921183,
      0.024752475247524754,
      0.024875621890547265,
      0.025,
      0.02512562814070352,
      0.025252525252525252,
      0.025380710659898477,
      0.025510204081632654,
      0.02564102564102564,
      0.02577319587628866,
      0.025906735751295335,
      0.026041666666666668,
      0.02617801047120419,
      0.02631578947368421,
      0.026455026455026454,
      0.026595744680851064,
      0.026737967914438502,
      0.026881720430107527,
      0.02702702702702703,
      0.02717391304347826,
      0.0273224043715847,
      0.027472527472527472,
      0.027624309392265192,
      0.027777777777777776,
      0.027932960893854747,
      0.028089887640449437,
      0.02824858757062147,
      0.028409090909090908,
      0.02857142857142857,
      0.028735632183908046,
      0.028901734104046242,
      0.029069767441860465,
      0.029239766081871343,
      0.029411764705882353,
      0.029585798816568046,
      0.02976190476190476,
      0.029940119760479042,
      0.030120481927710843,
      0.030303030303030304,
      0.03048780487804878,
      0.03067484662576687,
      0.030864197530864196,
      0.031055900621118012,
      0.03125,
      0.031446540880503145,
      0.03164556962025317,
      0.03184713375796178,
      0.03205128205128205,
      0.03225806451612903,
      0.032467532467532464,
      0.032679738562091505,
      0.03289473684210526,
      0.033112582781456956,
      0.03333333333333333,
      0.03355704697986577,
      0.033783783783783786,
      0.034013605442176874,
      0.03424657534246575,
      0.034482758620689655,
      0.034722222222222224,
      0.03496503496503497,
      0.035211267605633804,
      0.03546099290780142,
      0.03571428571428571,
      0.03597122302158273,
      0.036231884057971016,
      0.0364963503649635,
      0.03676470588235294,
      0.037037037037037035,
      0.03731343283582089,
      0.03759398496240601,
      0.03787878787878788,
      0.03816793893129771,
      0.038461538461538464,
      0.03875968992248062,
      0.0390625,
      0.03937007874015748,
      0.03968253968253968,
      0.04,
      0.04032258064516129,
      0.04065040650406504,
      0.040983606557377046,
      0.04132231404958678,
      0.041666666666666664,
      0.04201680672268908,
      0.0423728813559322,
      0.042735042735042736,
      0.04310344827586207,
      0.043478260869565216,
      0.043859649122807015,
      0.04424778761061947,
      0.044642857142857144,
      0.04504504504504504,
      0.045454545454545456,
      0.045871559633027525,
      0.046296296296296294,
      0.04672897196261682,
      0.04716981132075472,
      0.047619047619047616,
      0.04807692307692308,
      0.04854368932038835,
      0.049019607843137254,
      0.04950495049504951,
      0.05,
      0.050505050505050504,
      0.05102040816326531,
      0.05154639175257732,
      0.052083333333333336,
      0.05263157894736842,
      0.05319148936170213,
      0.053763440860215055,
      0.043478260869565216,
      0.04395604395604396,
      0.044444444444444446,
      0.0449438202247191,
      0.045454545454545456,
      0.04597701149425287,
      0.03488372093023256,
      0.03529411764705882,
      0.03571428571428571,
      0.03614457831325301,
      0.036585365853658534,
      0.037037037037037035,
      0.0375,
      0.0379746835443038,
      0.038461538461538464,
      0.03896103896103896,
      0.039473684210526314,
      0.04,
      0.04054054054054054,
      0.0410958904109589,
      0.041666666666666664,
      0.04225352112676056,
      0.04285714285714286,
      0.043478260869565216,
      0.04411764705882353,
      0.04477611940298507,
      0.045454545454545456,
      0.046153846153846156,
      0.046875,
      0.047619047619047616,
      0.04838709677419355,
      0.04918032786885246,
      0.05,
      0.05084745762711865,
      0.05172413793103448,
      0.05263157894736842,
      0.05357142857142857,
      0.05454545454545454,
      0.05555555555555555,
      0.05660377358490566,
      0.057692307692307696,
      0.058823529411764705,
      0.06,
      0.061224489795918366,
      0.0625,
      0.06382978723404255,
      0.06521739130434782,
      0.06666666666666667,
      0.06818181818181818,
      0.06976744186046512,
      0.07142857142857142,
      0.07317073170731707,
      0.075,
      0.07692307692307693,
      0.07894736842105263,
      0.08108108108108109,
      0.08333333333333333,
      0.08571428571428572,
      0.08823529411764706,
      0.09090909090909091,
      0.09375,
      0.0967741935483871,
      0.1,
      0.10344827586206896,
      0.10714285714285714,
      0.1111111111111111,
      0.11538461538461539,
      0.12,
      0.125,
      0.13043478260869565,
      0.13636363636363635,
      0.14285714285714285,
      0.15,
      0.15789473684210525,
      0.1111111111111111,
      0.11764705882352941,
      0.125,
      0.06666666666666667,
      0.07142857142857142,
      0.07692307692307693,
      0.08333333333333333,
      0.09090909090909091,
      0.1,
      0.1111111111111111,
      0.0,
      0.0,
      0.0,
      0.0,
      0.0,
      0.0,
      0.0,
      0.0,
      1.0
    ],