{
  "config_path": "/Users/svenhockers/Desktop/project/topology-and-robustness-in-DNNs/out/tabular/topology_only/base_e_0.3/configs/trials/trial_000010.json",
  "dataset_name": "TABULAR",
  "metrics_adv": {
    "accuracy": 0.746031746031746,
    "confusion_matrix": [
      [
        92,
        18
      ],
      [
        14,
        2
      ]
    ],
    "f1": 0.11111111111111112,
    "fpr": [
      0.0,
      0.00909090909090909,
      0.06363636363636363,
      0.06363636363636363,
      0.14545454545454545,
      0.14545454545454545,
      0.17272727272727273,
      0.17272727272727273,
      0.2545454545454545,
      0.2545454545454545,
      0.2727272727272727,
      0.2727272727272727,
      0.4636363636363636,
      0.4636363636363636,
      0.6090909090909091,
      0.6090909090909091,
      0.6545454545454545,
      0.6545454545454545,
      0.7454545454545455,
      0.7454545454545455,
      0.8909090909090909,
      0.8909090909090909,
      0.9272727272727272,
      0.9272727272727272,
      0.9363636363636364,
      0.9363636363636364,
      0.9545454545454546,
      0.9545454545454546,
      0.9818181818181818,
      0.9818181818181818,
      1.0
    ],
    "fpr_at_tpr95": 0.9818181818181818,
    "pr_auc": 0.12744328728525628,
    "pr_precision": [
      0.12698412698412698,
      0.128,
      0.12903225806451613,
      0.12195121951219512,
      0.12295081967213115,
      0.12396694214876033,
      0.125,
      0.11764705882352941,
      0.11864406779661017,
      0.11965811965811966,
      0.11206896551724138,
      0.11304347826086956,
      0.10526315789473684,
      0.10619469026548672,
      0.10714285714285714,
      0.10810810810810811,
      0.10909090909090909,
      0.10091743119266056,
      0.10185185185185185,
      0.102803738317757,
      0.10377358490566038,
      0.10476190476190476,
      0.10576923076923077,
      0.10679611650485436,
      0.10784313725490197,
      0.10891089108910891,
      0.11,
      0.1111111111111111,
      0.11224489795918367,
      0.1134020618556701,
      0.11458333333333333,
      0.11578947368421053,
      0.11702127659574468,
      0.11827956989247312,
      0.10869565217391304,
      0.10989010989010989,
      0.1111111111111111,
      0.11235955056179775,
      0.11363636363636363,
      0.11494252873563218,
      0.11627906976744186,
      0.11764705882352941,
      0.11904761904761904,
      0.12048192771084337,
      0.12195121951219512,
      0.1111111111111111,
      0.1,
      0.10126582278481013,
      0.10256410256410256,
      0.1038961038961039,
      0.10526315789473684,
      0.10666666666666667,
      0.0945945945945946,
      0.0958904109589041,
      0.09722222222222222,
      0.09859154929577464,
      0.1,
      0.10144927536231885,
      0.10294117647058823,
      0.1044776119402985,
      0.10606060606060606,
      0.1076923076923077,
      0.109375,
      0.1111111111111111,
      0.11290322580645161,
      0.11475409836065574,
      0.11666666666666667,
      0.11864406779661017,
      0.1206896551724138,
      0.10526315789473684,
      0.10714285714285714,
      0.10909090909090909,
      0.1111111111111111,
      0.11320754716981132,
      0.11538461538461539,
      0.11764705882352941,
      0.12,
      0.12244897959183673,
      0.125,
      0.1276595744680851,
      0.13043478260869565,
      0.13333333333333333,
      0.13636363636363635,
      0.13953488372093023,
      0.14285714285714285,
      0.14634146341463414,
      0.15,
      0.15384615384615385,
      0.15789473684210525,
      0.16216216216216217,
      0.16666666666666666,
      0.14285714285714285,
      0.14705882352941177,
      0.15151515151515152,
      0.125,
      0.12903225806451613,
      0.13333333333333333,
      0.13793103448275862,
      0.14285714285714285,
      0.14814814814814814,
      0.15384615384615385,
      0.16,
      0.16666666666666666,
      0.17391304347826086,
      0.13636363636363635,
      0.09523809523809523,
      0.1,
      0.10526315789473684,
      0.1111111111111111,
      0.058823529411764705,
      0.0625,
      0.06666666666666667,
      0.07142857142857142,
      0.07692307692307693,
      0.08333333333333333,
      0.09090909090909091,
      0.1,
      0.1111111111111111,
      0.125,
      0.0,
      0.0,
      0.0,
      0.0,
      0.0,
      0.0,
      0.0,
      1.0
    ],
    "pr_recall": [
      1.0,
      1.0,
      1.0,
      0.9375,
      0.9375,
      0.9375,
      0.9375,
      0.875,
      0.875,
      0.875,
      0.8125,
      0.8125,
      0.75,
      0.75,
      0.75,
      0.75,
      0.75,
      0.6875,
      0.6875,
      0.6875,
      0.6875,
      0.6875,
      0.6875,
      0.6875,
      0.6875,
      0.6875,
      0.6875,
      0.6875,
      0.6875,
      0.6875,
      0.6875,
      0.6875,
      0.6875,
      0.6875,
      0.625,
      0.625,
      0.625,
      0.625,
      0.625,
      0.625,
      0.625,
      0.625,
      0.625,
      0.625,
      0.625,
      0.5625,
      0.5,
      0.5,
      0.5,
      0.5,
      0.5,
      0.5,
      0.4375,
      0.4375,
      0.4375,
      0.4375,
      0.4375,
      0.4375,
      0.4375,
      0.4375,
      0.4375,
      0.4375,
      0.4375,
      0.4375,
      0.4375,
      0.4375,
      0.4375,
      0.4375,
      0.4375,
      0.375,
      0.375,
      0.375,
      0.375,
      0.375,
      0.375,
      0.375,
      0.375,
      0.375,
      0.375,
      0.375,
      0.375,
      0.375,
      0.375,
      0.375,
      0.375,
      0.375,
      0.375,
      0.375,
      0.375,
      0.375,
      0.375,
      0.3125,
      0.3125,
      0.3125,
      0.25,
      0.25,
      0.25,
      0.25,
      0.25,
      0.25,
      0.25,
      0.25,
      0.25,
      0.25,
      0.1875,
      0.125,
      0.125,
      0.125,
      0.125,
      0.0625,
      0.0625,
      0.0625,
      0.0625,
      0.0625,
      0.0625,
      0.0625,
      0.0625,
      0.0625,
      0.0625,
      0.0,
      0.0,
      0.0,
      0.0,
      0.0,
      0.0,
      0.0,
      0.0
    ],