{
  "config_path": "/Users/svenhockers/Desktop/project/topology-and-robustness-in-DNNs/out/torus_two_holes/base_torus_one_hole_e_0.1/configs/trials/trial_000004.json",
  "dataset_name": "VECTOR",
  "metrics_adv": {
    "accuracy": 0.7842323651452282,
    "confusion_matrix": [
      [
        189,
        51
      ],
      [
        1,
        0
      ]
    ],
    "f1": 0.0,
    "fpr": [
      0.0,
      0.004166666666666667,
      0.6833333333333333,
      0.6833333333333333,
      1.0
    ],
    "fpr_at_tpr95": 0.6833333333333333,
    "pr_auc": 0.006060606060606061,
    "pr_precision": [
      0.004149377593360996,
      0.004166666666666667,
      0.0041841004184100415,
      0.004201680672268907,
      0.004219409282700422,
      0.00423728813559322,
      0.00425531914893617,
      0.004273504273504274,
      0.004291845493562232,
      0.004310344827586207,
      0.004329004329004329,
      0.004347826086956522,
      0.004366812227074236,
      0.0043859649122807015,
      0.004405286343612335,
      0.004424778761061947,
      0.0044444444444444444,
      0.004464285714285714,
      0.004484304932735426,
      0.0045045045045045045,
      0.004524886877828055,
      0.004545454545454545,
      0.0045662100456621,
      0.0045871559633027525,
      0.004608294930875576,
      0.004629629629629629,
      0.004651162790697674,
      0.004672897196261682,
      0.004694835680751174,
      0.0047169811320754715,
      0.004739336492890996,
      0.004761904761904762,
      0.004784688995215311,
      0.004807692307692308,
      0.004830917874396135,
      0.0048543689320388345,
      0.004878048780487805,
      0.004901960784313725,
      0.0049261083743842365,
      0.0049504950495049506,
      0.004975124378109453,
      0.005,
      0.005025125628140704,
      0.005050505050505051,
      0.005076142131979695,
      0.00510204081632653,
      0.005128205128205128,
      0.005154639175257732,
      0.0051813471502590676,
      0.005208333333333333,
      0.005235602094240838,
      0.005263157894736842,
      0.005291005291005291,
      0.005319148936170213,
      0.0053475935828877,
      0.005376344086021506,
      0.005405405405405406,
      0.005434782608695652,
      0.00546448087431694,
      0.005494505494505495,
      0.0055248618784530384,
      0.005555555555555556,
      0.00558659217877095,
      0.0056179775280898875,
      0.005649717514124294,
      0.005681818181818182,
      0.005714285714285714,
      0.005747126436781609,
      0.005780346820809248,
      0.005813953488372093,
      0.005847953216374269,
      0.0058823529411764705,
      0.005917159763313609,
      0.005952380952380952,
      0.005988023952095809,
      0.006024096385542169,
      0.006060606060606061,
      0.0,
      0.0,
      0.0,
      0.0,
      0.0,
      0.0,
      0.0,
      0.0,
      0.0,
      0.0,
      0.0,
      0.0,
      0.0,
      0.0,
      0.0,
      0.0,
      0.0,
      0.0,
      0.0,
      0.0,
      0.0,
      0.0,
      0.0,
      0.0,
      0.0,
      0.0,
      0.0,
      0.0,
      0.0,
      0.0,
      0.0,
      0.0,
      0.0,
      0.0,
      0.0,
      0.0,
      0.0,
      0.0,
      0.0,
      0.0,
      0.0,
      0.0,
      0.0,
      0.0,
      0.0,
      0.0,
      0.0,
      0.0,
      0.0,
      0.0,
      0.0,
      0.0,
      0.0,
      0.0,
      0.0,
      0.0,
      0.0,
      0.0,
      0.0,
      0.0,
      0.0,
      0.0,
      0.0,
      0.0,
      0.0,
      0.0,
      0.0,
      0.0,
      0.0,
      0.0,
      0.0,
      0.0,
      0.0,
      0.0,
      0.0,
      0.0,
      0.0,
      0.0,
      0.0,
      0.0,
      0.0,
      0.0,
      0.0,
      0.0,
      0.0,
      0.0,
      0.0,
      0.0,
      0.0,
      0.0,
      0.0,
      0.0,
      0.0,
      0.0,
      0.0,
      0.0,
      0.0,
      0.0,
      0.0,
      0.0,
      0.0,
      0.0,
      0.0,
      0.0,
      0.0,
      0.0,
      0.0,
      0.0,
      0.0,
      0.0,
      0.0,
      0.0,
      0.0,
      0.0,
      0.0,
      0.0,
      0.0,
      0.0,
      0.0,
      0.0,
      0.0,
      0.0,
      0.0,
      0.0,
      0.0,
      0.0,
      0.0,
      0.0,
      0.0,
      0.0,
      0.0,
      0.0,
      0.0,
      0.0,
      0.0,
      0.0,
      0.0,
      0.0,
      0.0,
      0.0,
      0.0,
      0.0,
      0.0,
      0.0,
      0.0,
      0.0,
      0.0,
      0.0,
      0.0,
      0.0,
      0.0,
      0.0,
      0.0,
      0.0,
      0.0,
      0.0,
      0.0,
      0.0,
      0.0,
      0.0,
      0.0,
      0.0,
      0.0,
      0.0,
      1.0
    ],
    "pr_recall": [
      1.0,
      1.0,
      1.0,
      1.0,
      1.0,
      1.0,
      1.0,
      1.0,
      1.0,
      1.0,
      1.0,
      1.0,
      1.0,
      1.0,
      1.0,
      1.0,
      1.0,
      1.0,
      1.0,
      1.0,
      1.0,
      1.0,
      1.0,
      1.0,
      1.0,
      1.0,
      1.0,
      1.0,
      1.0,
      1.0,
      1.0,
      1.0,
      1.0,
      1.0,
      1.0,
      1.0,
      1.0,
      1.0,
      1.0,
      1.0,
      1.0,
      1.0,
      1.0,
      1.0,
      1.0,
      1.0,
      1.0,
      1.0,
      1.0,
      1.0,
      1.0,
      1.0,
      1.0,
      1.0,
      1.0,
      1.0,
      1.0,
      1.0,
      1.0,
      1.0,
      1.0,
      1.0,
      1.0,
      1.0,
      1.0,
      1.0,
      1.0,
      1.0,
      1.0,
      1.0,
      1.0,
      1.0,
      1.0,
      1.0,
      1.0,
      1.0,
      1.0,
      0.0,
      0.0,
      0.0,
      0.0,
      0.0,
      0.0,
      0.0,
      0.0,
      0.0,
      0.0,
      0.0,
      0.0,
      0.0,
      0.0,
      0.0,
      0.0,
      0.0,
      0.0,
      0.0,
      0.0,
      0.0,
      0.0,
      0.0,
      0.0,
      0.0,
      0.0,
      0.0,
      0.0,
      0.0,
      0.0,
      0.0,
      0.0,
      0.0,
      0.0,
      0.0,
      0.0,
      0.0,
      0.0,
      0.0,
      0.0,
      0.0,
      0.0,
      0.0,
      0.0,
      0.0,
      0.0,
      0.0,
      0.0,
      0.0,
      0.0,
      0.0,
      0.0,
      0.0,
      0.0,
      0.0,
      0.0,
      0.0,
      0.0,
      0.0,
      0.0,
      0.0,
      0.0,
      0.0,
      0.0,
      0.0,
      0.0,
      0.0,
      0.0,
      0.0,
      0.0,
      0.0,
      0.0,
      0.0,
      0.0,
      0.0,
      0.0,
      0.0,
      0.0,
      0.0,
      0.0,
      0.0,
      0.0,
      0.0,
      0.0,
      0.0,
      0.0,
      0.0,
      0.0,
      0.0,
      0.0,
      0.0,
      0.0,
      0.0,
      0.0,
      0.0,
      0.0,
      0.0,
      0.0,
      0.0,
      0.0,
      0.0,
      0.0,
      0.0,
      0.0,
      0.0,
      0.0,
      0.0,
      0.0,
      0.0,
      0.0,
      0.0,
      0.0,
      0.0,
      0.0,
      0.0,
      0.0,
      0.0,
      0.0,
      0.0,
      0.0,
      0.0,
      0.0,
      0.0,
      0.0,
      0.0,
      0.0,
      0.0,
      0.0,
      0.0,
      0.0,
      0.0,
      0.0,
      0.0,
      0.0,
      0.0,
      0.0,
      0.0,
      0.0,
      0.0,
      0.0,
      0.0,
      0.0,
      0.0,
      0.0,
      0.0,
      0.0,
      0.0,
      0.0,
      0.0,
      0.0,
      0.0,
      0.0,
      0.0,
      0.0,
      0.0,
      0.0,
      0.0,
      0.0,
      0.0,
      0.0,
      0.0,
      0.0,
      0.0,
      0.0,
      0.0
    ],