{
  "config_path": "/Users/svenhockers/Desktop/project/topology-and-robustness-in-DNNs/out/synthetic_shapes/baseline/base_e_0.2/configs/trials/trial_000001.json",
  "dataset_name": "synthetic_shapes_2class",
  "metrics_adv": {
    "accuracy": 0.895,
    "confusion_matrix": [
      [
        166,
        34
      ],
      [
        8,
        192
      ]
    ],
    "f1": 0.9014084507042253,
    "fpr": [
      0.0,
      0.0,
      0.0,
      0.0,
      0.0,
      0.005,
      0.005,
      0.015,
      0.015,
      0.055,
      0.055,
      0.1,
      0.1,
      0.115,
      0.115,
      0.155,
      0.155,
      0.17,
      0.17,
      0.23,
      0.23,
      0.26,
      0.26,
      0.265,
      0.265,
      0.325,
      0.325,
      0.425,
      0.425,
      1.0
    ],
    "fpr_at_tpr95": 0.1,
    "pr_auc": 0.9887479696407266,
    "pr_precision": [
      0.5,
      0.5012531328320802,
      0.5025125628140703,
      0.5037783375314862,
      0.5050505050505051,
      0.5063291139240507,
      0.5076142131979695,
      0.5089058524173028,
      0.5102040816326531,
      0.5115089514066496,
      0.5128205128205128,
      0.5141388174807198,
      0.5154639175257731,
      0.5167958656330749,
      0.5181347150259067,
      0.5194805194805194,
      0.5208333333333334,
      0.5221932114882507,
      0.5235602094240838,
      0.5249343832020997,
      0.5263157894736842,
      0.5277044854881267,
      0.5291005291005291,
      0.5305039787798409,
      0.5319148936170213,
      0.5333333333333333,
      0.5347593582887701,
      0.5361930294906166,
      0.5376344086021505,
      0.5390835579514824,
      0.5405405405405406,
      0.5420054200542005,
      0.5434782608695652,
      0.5449591280653951,
      0.546448087431694,
      0.547945205479452,
      0.5494505494505495,
      0.5509641873278237,
      0.5524861878453039,
      0.554016620498615,
      0.5555555555555556,
      0.5571030640668524,
      0.5586592178770949,
      0.5602240896358543,
      0.5617977528089888,
      0.5633802816901409,
      0.5649717514124294,
      0.56657223796034,
      0.5681818181818182,
      0.5698005698005698,
      0.5714285714285714,
      0.5730659025787965,
      0.5747126436781609,
      0.5763688760806917,
      0.5780346820809249,
      0.5797101449275363,
      0.5813953488372093,
      0.5830903790087464,
      0.5847953216374269,
      0.5865102639296188,
      0.5882352941176471,
      0.5899705014749262,
      0.591715976331361,
      0.5934718100890207,
      0.5952380952380952,
      0.5970149253731343,
      0.5988023952095808,
      0.6006006006006006,
      0.6024096385542169,
      0.6042296072507553,
      0.6060606060606061,
      0.60790273556231,
      0.6097560975609756,
      0.6116207951070336,
      0.6134969325153374,
      0.6153846153846154,
      0.6172839506172839,
      0.6191950464396285,
      0.6211180124223602,
      0.6230529595015576,
      0.625,
      0.6269592476489029,
      0.6289308176100629,
      0.6309148264984227,
      0.6329113924050633,
      0.6349206349206349,
      0.6369426751592356,
      0.6389776357827476,
      0.6410256410256411,
      0.6430868167202572,
      0.6451612903225806,
      0.6472491909385113,
      0.6493506493506493,
      0.6514657980456026,
      0.6535947712418301,
      0.6557377049180327,
      0.6578947368421053,
      0.6600660066006601,
      0.6622516556291391,
      0.6644518272425249,
      0.6666666666666666,
      0.6688963210702341,
      0.6711409395973155,
      0.6734006734006734,
      0.6756756756756757,
      0.6779661016949152,
      0.6802721088435374,
      0.6825938566552902,
      0.684931506849315,
      0.6872852233676976,
      0.6896551724137931,
      0.6920415224913494,
      0.6944444444444444,
      0.6968641114982579,
      0.6993006993006993,
      0.7017543859649122,
      0.7007042253521126,
      0.7031802120141343,
      0.7056737588652482,
      0.708185053380783,
      0.7107142857142857,
      0.7132616487455197,
      0.7158273381294964,
      0.7184115523465704,
      0.7210144927536232,
      0.7236363636363636,
      0.7262773722627737,
      0.7289377289377289,
      0.7316176470588235,
      0.7343173431734318,
      0.737037037037037,
      0.7397769516728625,
      0.7425373134328358,
      0.7453183520599251,
      0.7481203007518797,
      0.7509433962264151,
      0.7537878787878788,
      0.752851711026616,
      0.7557251908396947,
      0.7586206896551724,
      0.7615384615384615,
      0.7644787644787645,
      0.7674418604651163,
      0.7704280155642024,
      0.7734375,
      0.7764705882352941,
      0.7795275590551181,
      0.782608695652174,
      0.7857142857142857,
      0.7888446215139442,
      0.788,
      0.7911646586345381,
      0.7903225806451613,
      0.7935222672064778,
      0.7967479674796748,
      0.8,
      0.8032786885245902,
      0.8065843621399177,
      0.8099173553719008,
      0.8091286307053942,
      0.8083333333333333,
      0.8075313807531381,
      0.8109243697478992,
      0.8143459915611815,
      0.8177966101694916,
      0.8212765957446808,
      0.8247863247863247,
      0.8283261802575107,
      0.8318965517241379,
      0.8354978354978355,
      0.8391304347826087,
      0.8427947598253275,
      0.8464912280701754,
      0.8502202643171806,
      0.8495575221238938,
      0.8533333333333334,
      0.8571428571428571,
      0.8609865470852018,
      0.8603603603603603,
      0.8642533936651584,
      0.8681818181818182,
      0.8721461187214612,
      0.8761467889908257,
      0.880184331797235,
      0.8842592592592593,
      0.8883720930232558,
      0.8925233644859814,
      0.892018779342723,
      0.8962264150943396,
      0.9004739336492891,
      0.9047619047619048,
      0.9043062200956937,
      0.9086538461538461,
      0.9130434782608695,
      0.9174757281553398,
      0.9219512195121952,
      0.9264705882352942,
      0.9310344827586207,
      0.9356435643564357,
      0.9402985074626866,
      0.945,
      0.9447236180904522,
      0.9494949494949495,
      0.9543147208121827,
      0.9591836734693877,
      0.9641025641025641,
      0.9690721649484536,
      0.9740932642487047,
      0.9791666666666666,
      0.9842931937172775,
      0.9842105263157894,
      0.9841269841269841,
      0.9840425531914894,
      0.9893048128342246,
      0.9946236559139785,
      0.9945945945945946,
      0.9945652173913043,
      0.994535519125683,
      0.9945054945054945,
      0.994475138121547,
      0.9944444444444445,
      0.994413407821229,
      0.9943820224719101,
      0.9943502824858758,
      0.9943181818181818,
      0.9942857142857143,
      0.9942528735632183,
      0.9942196531791907,
      0.9941860465116279,
      0.9941520467836257,
      0.9941176470588236,
      0.9940828402366864,
      0.9940476190476191,
      0.9940119760479041,
      0.9939759036144579,
      0.9939393939393939,
      1.0,
      1.0,
      1.0,
      1.0,
      1.0,
      1.0,
      1.0,
      1.0,
      1.0,
      1.0,
      1.0,
      1.0,
      1.0,
      1.0,
      1.0,
      1.0,
      1.0,
      1.0,
      1.0,
      1.0,
      1.0,
      1.0,
      1.0,
      1.0,
      1.0
    ],