{
  "config_path": "/Users/svenhockers/Desktop/project/topology-and-robustness-in-DNNs/out/tabular/base_e_0.3/configs/trials/trial_000015.json",
  "dataset_name": "TABULAR",
  "metrics_adv": {
    "accuracy": 0.8333333333333334,
    "confusion_matrix": [
      [
        104,
        6
      ],
      [
        15,
        1
      ]
    ],
    "f1": 0.08695652173913043,
    "fpr": [
      0.0,
      0.00909090909090909,
      0.03636363636363636,
      0.03636363636363636,
      0.2,
      0.2,
      0.21818181818181817,
      0.21818181818181817,
      0.2727272727272727,
      0.2727272727272727,
      0.34545454545454546,
      0.34545454545454546,
      0.37272727272727274,
      0.37272727272727274,
      0.44545454545454544,
      0.44545454545454544,
      0.6363636363636364,
      0.6363636363636364,
      0.7181818181818181,
      0.7181818181818181,
      0.7909090909090909,
      0.7909090909090909,
      1.0,
      1.0
    ],
    "fpr_at_tpr95": 1.0,
    "pr_auc": 0.14070509976921886,
    "pr_precision": [
      0.12698412698412698,
      0.12,
      0.11290322580645161,
      0.10569105691056911,
      0.10655737704918032,
      0.10743801652892562,
      0.10833333333333334,
      0.1092436974789916,
      0.11016949152542373,
      0.1111111111111111,
      0.11206896551724138,
      0.11304347826086956,
      0.11403508771929824,
      0.11504424778761062,
      0.11607142857142858,
      0.11711711711711711,
      0.11818181818181818,
      0.11926605504587157,
      0.12037037037037036,
      0.12149532710280374,
      0.12264150943396226,
      0.12380952380952381,
      0.125,
      0.1262135922330097,
      0.12745098039215685,
      0.12871287128712872,
      0.13,
      0.12121212121212122,
      0.12244897959183673,
      0.12371134020618557,
      0.125,
      0.12631578947368421,
      0.1276595744680851,
      0.12903225806451613,
      0.13043478260869565,
      0.13186813186813187,
      0.12222222222222222,
      0.12359550561797752,
      0.125,
      0.12643678160919541,
      0.12790697674418605,
      0.12941176470588237,
      0.13095238095238096,
      0.13253012048192772,
      0.13414634146341464,
      0.13580246913580246,
      0.125,
      0.12658227848101267,
      0.1282051282051282,
      0.12987012987012986,
      0.13157894736842105,
      0.13333333333333333,
      0.13513513513513514,
      0.136986301369863,
      0.1388888888888889,
      0.14084507042253522,
      0.14285714285714285,
      0.14492753623188406,
      0.14705882352941177,
      0.14925373134328357,
      0.15151515151515152,
      0.15384615384615385,
      0.15625,
      0.15873015873015872,
      0.16129032258064516,
      0.16393442622950818,
      0.16666666666666666,
      0.1694915254237288,
      0.15517241379310345,
      0.15789473684210525,
      0.16071428571428573,
      0.16363636363636364,
      0.16666666666666666,
      0.16981132075471697,
      0.17307692307692307,
      0.17647058823529413,
      0.18,
      0.16326530612244897,
      0.14583333333333334,
      0.14893617021276595,
      0.15217391304347827,
      0.15555555555555556,
      0.13636363636363635,
      0.11627906976744186,
      0.11904761904761904,
      0.12195121951219512,
      0.125,
      0.1282051282051282,
      0.13157894736842105,
      0.13513513513513514,
      0.1388888888888889,
      0.14285714285714285,
      0.11764705882352941,
      0.12121212121212122,
      0.125,
      0.12903225806451613,
      0.13333333333333333,
      0.13793103448275862,
      0.14285714285714285,
      0.1111111111111111,
      0.11538461538461539,
      0.12,
      0.08333333333333333,
      0.043478260869565216,
      0.045454545454545456,
      0.047619047619047616,
      0.05,
      0.05263157894736842,
      0.05555555555555555,
      0.058823529411764705,
      0.0625,
      0.06666666666666667,
      0.07142857142857142,
      0.07692307692307693,
      0.08333333333333333,
      0.09090909090909091,
      0.1,
      0.1111111111111111,
      0.125,
      0.14285714285714285,
      0.16666666666666666,
      0.2,
      0.0,
      0.0,
      0.0,
      0.0,
      1.0
    ],
    "pr_recall": [
      1.0,
      0.9375,
      0.875,
      0.8125,
      0.8125,
      0.8125,
      0.8125,
      0.8125,
      0.8125,
      0.8125,
      0.8125,
      0.8125,
      0.8125,
      0.8125,
      0.8125,
      0.8125,
      0.8125,
      0.8125,
      0.8125,
      0.8125,
      0.8125,
      0.8125,
      0.8125,
      0.8125,
      0.8125,
      0.8125,
      0.8125,
      0.75,
      0.75,
      0.75,
      0.75,
      0.75,
      0.75,
      0.75,
      0.75,
      0.75,
      0.6875,
      0.6875,
      0.6875,
      0.6875,
      0.6875,
      0.6875,
      0.6875,
      0.6875,
      0.6875,
      0.6875,
      0.625,
      0.625,
      0.625,
      0.625,
      0.625,
      0.625,
      0.625,
      0.625,
      0.625,
      0.625,
      0.625,
      0.625,
      0.625,
      0.625,
      0.625,
      0.625,
      0.625,
      0.625,
      0.625,
      0.625,
      0.625,
      0.625,
      0.5625,
      0.5625,
      0.5625,
      0.5625,
      0.5625,
      0.5625,
      0.5625,
      0.5625,
      0.5625,
      0.5,
      0.4375,
      0.4375,
      0.4375,
      0.4375,
      0.375,
      0.3125,
      0.3125,
      0.3125,
      0.3125,
      0.3125,
      0.3125,
      0.3125,
      0.3125,
      0.3125,
      0.25,
      0.25,
      0.25,
      0.25,
      0.25,
      0.25,
      0.25,
      0.1875,
      0.1875,
      0.1875,
      0.125,
      0.0625,
      0.0625,
      0.0625,
      0.0625,
      0.0625,
      0.0625,
      0.0625,
      0.0625,
      0.0625,
      0.0625,
      0.0625,
      0.0625,
      0.0625,
      0.0625,
      0.0625,
      0.0625,
      0.0625,
      0.0625,
      0.0625,
      0.0,
      0.0,
      0.0,
      0.0,
      0.0
    ],