{
  "config_path": "/Users/svenhockers/Desktop/project/topology-and-robustness-in-DNNs/out/torus_one_hole/topology_only/base_torus_one_hole_e_0.1/configs/trials/trial_000001.json",
  "dataset_name": "VECTOR",
  "metrics_adv": {
    "accuracy": 0.8130081300813008,
    "confusion_matrix": [
      [
        197,
        43
      ],
      [
        3,
        3
      ]
    ],
    "f1": 0.11538461538461539,
    "fpr": [
      0.0,
      0.004166666666666667,
      0.016666666666666666,
      0.016666666666666666,
      0.05416666666666667,
      0.05416666666666667,
      0.10833333333333334,
      0.10833333333333334,
      0.5458333333333333,
      0.5458333333333333,
      0.8291666666666667,
      0.8291666666666667,
      0.9,
      0.9,
      1.0
    ],
    "fpr_at_tpr95": 0.9,
    "pr_auc": 0.0863246782956046,
    "pr_precision": [
      0.024390243902439025,
      0.024489795918367346,
      0.02459016393442623,
      0.024691358024691357,
      0.024793388429752067,
      0.024896265560165973,
      0.025,
      0.02510460251046025,
      0.025210084033613446,
      0.02531645569620253,
      0.025423728813559324,
      0.02553191489361702,
      0.02564102564102564,
      0.02575107296137339,
      0.02586206896551724,
      0.025974025974025976,
      0.02608695652173913,
      0.026200873362445413,
      0.02631578947368421,
      0.02643171806167401,
      0.02654867256637168,
      0.02666666666666667,
      0.026785714285714284,
      0.026905829596412557,
      0.02702702702702703,
      0.02262443438914027,
      0.022727272727272728,
      0.0228310502283105,
      0.022935779816513763,
      0.02304147465437788,
      0.023148148148148147,
      0.023255813953488372,
      0.02336448598130841,
      0.023474178403755867,
      0.02358490566037736,
      0.023696682464454975,
      0.023809523809523808,
      0.023923444976076555,
      0.02403846153846154,
      0.024154589371980676,
      0.024271844660194174,
      0.024390243902439025,
      0.024509803921568627,
      0.019704433497536946,
      0.019801980198019802,
      0.01990049751243781,
      0.02,
      0.020100502512562814,
      0.020202020202020204,
      0.02030456852791878,
      0.02040816326530612,
      0.020512820512820513,
      0.020618556701030927,
      0.02072538860103627,
      0.020833333333333332,
      0.020942408376963352,
      0.021052631578947368,
      0.021164021164021163,
      0.02127659574468085,
      0.0213903743315508,
      0.021505376344086023,
      0.021621621621621623,
      0.021739130434782608,
      0.02185792349726776,
      0.02197802197802198,
      0.022099447513812154,
      0.022222222222222223,
      0.0223463687150838,
      0.02247191011235955,
      0.022598870056497175,
      0.022727272727272728,
      0.022857142857142857,
      0.022988505747126436,
      0.023121387283236993,
      0.023255813953488372,
      0.023391812865497075,
      0.023529411764705882,
      0.023668639053254437,
      0.023809523809523808,
      0.023952095808383235,
      0.024096385542168676,
      0.024242424242424242,
      0.024390243902439025,
      0.024539877300613498,
      0.024691358024691357,
      0.024844720496894408,
      0.025,
      0.025157232704402517,
      0.02531645569620253,
      0.025477707006369428,
      0.02564102564102564,
      0.025806451612903226,
      0.025974025974025976,
      0.026143790849673203,
      0.02631578947368421,
      0.026490066225165563,
      0.02666666666666667,
      0.026845637583892617,
      0.02702702702702703,
      0.027210884353741496,
      0.0273972602739726,
      0.027586206896551724,
      0.027777777777777776,
      0.027972027972027972,
      0.028169014084507043,
      0.028368794326241134,
      0.02857142857142857,
      0.02877697841726619,
      0.028985507246376812,
      0.029197080291970802,
      0.029411764705882353,
      0.02962962962962963,
      0.022388059701492536,
      0.022556390977443608,
      0.022727272727272728,
      0.022900763358778626,
      0.023076923076923078,
      0.023255813953488372,
      0.0234375,
      0.023622047244094488,
      0.023809523809523808,
      0.024,
      0.024193548387096774,
      0.024390243902439025,
      0.02459016393442623,
      0.024793388429752067,
      0.025,
      0.025210084033613446,
      0.025423728813559324,
      0.02564102564102564,
      0.02586206896551724,
      0.02608695652173913,
      0.02631578947368421,
      0.02654867256637168,
      0.026785714285714284,
      0.02702702702702703,
      0.02727272727272727,
      0.027522935779816515,
      0.027777777777777776,
      0.028037383177570093,
      0.02830188679245283,
      0.02857142857142857,
      0.028846153846153848,
      0.02912621359223301,
      0.029411764705882353,
      0.0297029702970297,
      0.03,
      0.030303030303030304,
      0.030612244897959183,
      0.030927835051546393,
      0.03125,
      0.031578947368421054,
      0.031914893617021274,
      0.03225806451612903,
      0.03260869565217391,
      0.03296703296703297,
      0.03333333333333333,
      0.033707865168539325,
      0.03409090909090909,
      0.034482758620689655,
      0.03488372093023256,
      0.03529411764705882,
      0.03571428571428571,
      0.03614457831325301,
      0.036585365853658534,
      0.037037037037037035,
      0.0375,
      0.0379746835443038,
      0.038461538461538464,
      0.03896103896103896,
      0.039473684210526314,
      0.04,
      0.04054054054054054,
      0.0410958904109589,
      0.041666666666666664,
      0.04225352112676056,
      0.04285714285714286,
      0.043478260869565216,
      0.04411764705882353,
      0.04477611940298507,
      0.045454545454545456,
      0.046153846153846156,
      0.046875,
      0.047619047619047616,
      0.04838709677419355,
      0.04918032786885246,
      0.05,
      0.05084745762711865,
      0.05172413793103448,
      0.05263157894736842,
      0.05357142857142857,
      0.05454545454545454,
      0.05555555555555555,
      0.05660377358490566,
      0.057692307692307696,
      0.058823529411764705,
      0.06,
      0.061224489795918366,
      0.0625,
      0.06382978723404255,
      0.06521739130434782,
      0.06666666666666667,
      0.06818181818181818,
      0.06976744186046512,
      0.07142857142857142,
      0.07317073170731707,
      0.075,
      0.07692307692307693,
      0.07894736842105263,
      0.08108108108108109,
      0.08333333333333333,
      0.08571428571428572,
      0.08823529411764706,
      0.09090909090909091,
      0.09375,
      0.0967741935483871,
      0.1,
      0.10344827586206896,
      0.07142857142857142,
      0.07407407407407407,
      0.07692307692307693,
      0.08,
      0.08333333333333333,
      0.08695652173913043,
      0.09090909090909091,
      0.09523809523809523,
      0.1,
      0.10526315789473684,
      0.1111111111111111,
      0.11764705882352941,
      0.125,
      0.13333333333333333,
      0.07142857142857142,
      0.07692307692307693,
      0.08333333333333333,
      0.09090909090909091,
      0.1,
      0.1111111111111111,
      0.125,
      0.14285714285714285,
      0.16666666666666666,
      0.2,
      0.0,
      0.0,
      0.0,
      0.0,
      1.0
    ],