{
  "config_path": "/Users/svenhockers/Desktop/project/topology-and-robustness-in-DNNs/out/tabular/topology_only/base_e_0.3/configs/trials/trial_000009.json",
  "dataset_name": "TABULAR",
  "metrics_adv": {
    "accuracy": 0.7301587301587301,
    "confusion_matrix": [
      [
        89,
        21
      ],
      [
        13,
        3
      ]
    ],
    "f1": 0.15,
    "fpr": [
      0.0,
      0.00909090909090909,
      0.03636363636363636,
      0.03636363636363636,
      0.1,
      0.1,
      0.12727272727272726,
      0.12727272727272726,
      0.2909090909090909,
      0.2909090909090909,
      0.3,
      0.3,
      0.36363636363636365,
      0.36363636363636365,
      0.509090909090909,
      0.509090909090909,
      0.6181818181818182,
      0.6181818181818182,
      0.6909090909090909,
      0.6909090909090909,
      0.7909090909090909,
      0.7909090909090909,
      0.8727272727272727,
      0.8727272727272727,
      0.9181818181818182,
      0.9181818181818182,
      0.9545454545454546,
      0.9545454545454546,
      1.0,
      1.0
    ],
    "fpr_at_tpr95": 1.0,
    "pr_auc": 0.13085101588201128,
    "pr_precision": [
      0.12698412698412698,
      0.12,
      0.12096774193548387,
      0.12195121951219512,
      0.12295081967213115,
      0.12396694214876033,
      0.125,
      0.11764705882352941,
      0.11864406779661017,
      0.11965811965811966,
      0.1206896551724138,
      0.12173913043478261,
      0.11403508771929824,
      0.11504424778761062,
      0.11607142857142858,
      0.11711711711711711,
      0.11818181818181818,
      0.11926605504587157,
      0.1111111111111111,
      0.11214953271028037,
      0.11320754716981132,
      0.11428571428571428,
      0.11538461538461539,
      0.11650485436893204,
      0.11764705882352941,
      0.1188118811881188,
      0.12,
      0.12121212121212122,
      0.11224489795918367,
      0.1134020618556701,
      0.11458333333333333,
      0.11578947368421053,
      0.11702127659574468,
      0.11827956989247312,
      0.11956521739130435,
      0.12087912087912088,
      0.12222222222222222,
      0.12359550561797752,
      0.125,
      0.12643678160919541,
      0.11627906976744186,
      0.10588235294117647,
      0.10714285714285714,
      0.10843373493975904,
      0.10975609756097561,
      0.1111111111111111,
      0.1125,
      0.11392405063291139,
      0.11538461538461539,
      0.11688311688311688,
      0.10526315789473684,
      0.09333333333333334,
      0.0945945945945946,
      0.0958904109589041,
      0.09722222222222222,
      0.09859154929577464,
      0.1,
      0.10144927536231885,
      0.10294117647058823,
      0.1044776119402985,
      0.10606060606060606,
      0.1076923076923077,
      0.109375,
      0.1111111111111111,
      0.0967741935483871,
      0.09836065573770492,
      0.1,
      0.1016949152542373,
      0.10344827586206896,
      0.10526315789473684,
      0.10714285714285714,
      0.10909090909090909,
      0.1111111111111111,
      0.11320754716981132,
      0.11538461538461539,
      0.11764705882352941,
      0.12,
      0.12244897959183673,
      0.125,
      0.1276595744680851,
      0.13043478260869565,
      0.1111111111111111,
      0.11363636363636363,
      0.11627906976744186,
      0.11904761904761904,
      0.12195121951219512,
      0.125,
      0.1282051282051282,
      0.13157894736842105,
      0.10810810810810811,
      0.1111111111111111,
      0.08571428571428572,
      0.08823529411764706,
      0.09090909090909091,
      0.09375,
      0.0967741935483871,
      0.1,
      0.10344827586206896,
      0.10714285714285714,
      0.1111111111111111,
      0.11538461538461539,
      0.12,
      0.125,
      0.13043478260869565,
      0.13636363636363635,
      0.14285714285714285,
      0.15,
      0.15789473684210525,
      0.16666666666666666,
      0.17647058823529413,
      0.125,
      0.13333333333333333,
      0.14285714285714285,
      0.15384615384615385,
      0.08333333333333333,
      0.09090909090909091,
      0.1,
      0.1111111111111111,
      0.125,
      0.14285714285714285,
      0.16666666666666666,
      0.2,
      0.0,
      0.0,
      0.0,
      0.0,
      1.0
    ],
    "pr_recall": [
      1.0,
      0.9375,
      0.9375,
      0.9375,
      0.9375,
      0.9375,
      0.9375,
      0.875,
      0.875,
      0.875,
      0.875,
      0.875,
      0.8125,
      0.8125,
      0.8125,
      0.8125,
      0.8125,
      0.8125,
      0.75,
      0.75,
      0.75,
      0.75,
      0.75,
      0.75,
      0.75,
      0.75,
      0.75,
      0.75,
      0.6875,
      0.6875,
      0.6875,
      0.6875,
      0.6875,
      0.6875,
      0.6875,
      0.6875,
      0.6875,
      0.6875,
      0.6875,
      0.6875,
      0.625,
      0.5625,
      0.5625,
      0.5625,
      0.5625,
      0.5625,
      0.5625,
      0.5625,
      0.5625,
      0.5625,
      0.5,
      0.4375,
      0.4375,
      0.4375,
      0.4375,
      0.4375,
      0.4375,
      0.4375,
      0.4375,
      0.4375,
      0.4375,
      0.4375,
      0.4375,
      0.4375,
      0.375,
      0.375,
      0.375,
      0.375,
      0.375,
      0.375,
      0.375,
      0.375,
      0.375,
      0.375,
      0.375,
      0.375,
      0.375,
      0.375,
      0.375,
      0.375,
      0.375,
      0.3125,
      0.3125,
      0.3125,
      0.3125,
      0.3125,
      0.3125,
      0.3125,
      0.3125,
      0.25,
      0.25,
      0.1875,
      0.1875,
      0.1875,
      0.1875,
      0.1875,
      0.1875,
      0.1875,
      0.1875,
      0.1875,
      0.1875,
      0.1875,
      0.1875,
      0.1875,
      0.1875,
      0.1875,
      0.1875,
      0.1875,
      0.1875,
      0.1875,
      0.125,
      0.125,
      0.125,
      0.125,
      0.0625,
      0.0625,
      0.0625,
      0.0625,
      0.0625,
      0.0625,
      0.0625,
      0.0625,
      0.0,
      0.0,
      0.0,
      0.0,
      0.0
    ],