{
  "mean_eps_star_linf": 0.5181560905612245,
  "mean_eps_star_l2": 0.8137613932291666,
  "ra_curves": {
    "linf": [
      1.0,
      1.0,
      1.0,
      1.0,
      1.0,
      0.7,
      0.4
    ],
    "l2": [
      1.0,
      1.0,
      1.0,
      1.0,
      1.0,
      1.0,
      0.7
    ]
  },
  "per_class": {},
  "layerwise_avg": {},
  "correlations": {}
}