{
  "config_path": "/Users/svenhockers/Desktop/project/topology-and-robustness-in-DNNs/out/tabular/base_e_0.1/configs/trials/trial_000012.json",
  "dataset_name": "TABULAR",
  "metrics_adv": {
    "accuracy": 0.6837606837606838,
    "confusion_matrix": [
      [
        75,
        35
      ],
      [
        2,
        5
      ]
    ],
    "f1": 0.2127659574468085,
    "fpr": [
      0.0,
      0.00909090909090909,
      0.1,
      0.1,
      0.11818181818181818,
      0.11818181818181818,
      0.16363636363636364,
      0.16363636363636364,
      0.5545454545454546,
      0.5545454545454546,
      0.7,
      0.7,
      1.0
    ],
    "fpr_at_tpr95": 0.7,
    "pr_auc": 0.14710538011440785,
    "pr_precision": [
      0.05982905982905983,
      0.0603448275862069,
      0.06086956521739131,
      0.06140350877192982,
      0.061946902654867256,
      0.0625,
      0.06306306306306306,
      0.06363636363636363,
      0.06422018348623854,
      0.06481481481481481,
      0.06542056074766354,
      0.0660377358490566,
      0.06666666666666667,
      0.0673076923076923,
      0.06796116504854369,
      0.06862745098039216,
      0.06930693069306931,
      0.07,
      0.0707070707070707,
      0.07142857142857142,
      0.07216494845360824,
      0.07291666666666667,
      0.07368421052631578,
      0.07446808510638298,
      0.07526881720430108,
      0.07608695652173914,
      0.07692307692307693,
      0.07777777777777778,
      0.07865168539325842,
      0.07954545454545454,
      0.08045977011494253,
      0.08139534883720931,
      0.08235294117647059,
      0.08333333333333333,
      0.07228915662650602,
      0.07317073170731707,
      0.07407407407407407,
      0.075,
      0.0759493670886076,
      0.07692307692307693,
      0.07792207792207792,
      0.07894736842105263,
      0.08,
      0.08108108108108109,
      0.0821917808219178,
      0.08333333333333333,
      0.08450704225352113,
      0.08571428571428572,
      0.08695652173913043,
      0.08823529411764706,
      0.08955223880597014,
      0.07575757575757576,
      0.07692307692307693,
      0.078125,
      0.07936507936507936,
      0.08064516129032258,
      0.08196721311475409,
      0.08333333333333333,
      0.0847457627118644,
      0.08620689655172414,
      0.08771929824561403,
      0.08928571428571429,
      0.09090909090909091,
      0.09259259259259259,
      0.09433962264150944,
      0.09615384615384616,
      0.09803921568627451,
      0.1,
      0.10204081632653061,
      0.10416666666666667,
      0.10638297872340426,
      0.10869565217391304,
      0.1111111111111111,
      0.11363636363636363,
      0.11627906976744186,
      0.11904761904761904,
      0.12195121951219512,
      0.125,
      0.1282051282051282,
      0.13157894736842105,
      0.13513513513513514,
      0.1388888888888889,
      0.14285714285714285,
      0.14705882352941177,
      0.15151515151515152,
      0.15625,
      0.16129032258064516,
      0.16666666666666666,
      0.1724137931034483,
      0.17857142857142858,
      0.18518518518518517,
      0.19230769230769232,
      0.2,
      0.20833333333333334,
      0.21739130434782608,
      0.18181818181818182,
      0.19047619047619047,
      0.2,
      0.21052631578947367,
      0.2222222222222222,
      0.23529411764705882,
      0.1875,
      0.13333333333333333,
      0.07142857142857142,
      0.07692307692307693,
      0.08333333333333333,
      0.0,
      0.0,
      0.0,
      0.0,
      0.0,
      0.0,
      0.0,
      0.0,
      0.0,
      0.0,
      0.0,
      1.0
    ],
    "pr_recall": [
      1.0,
      1.0,
      1.0,
      1.0,
      1.0,
      1.0,
      1.0,
      1.0,
      1.0,
      1.0,
      1.0,
      1.0,
      1.0,
      1.0,
      1.0,
      1.0,
      1.0,
      1.0,
      1.0,
      1.0,
      1.0,
      1.0,
      1.0,
      1.0,
      1.0,
      1.0,
      1.0,
      1.0,
      1.0,
      1.0,
      1.0,
      1.0,
      1.0,
      1.0,
      0.8571428571428571,
      0.8571428571428571,
      0.8571428571428571,
      0.8571428571428571,
      0.8571428571428571,
      0.8571428571428571,
      0.8571428571428571,
      0.8571428571428571,
      0.8571428571428571,
      0.8571428571428571,
      0.8571428571428571,
      0.8571428571428571,
      0.8571428571428571,
      0.8571428571428571,
      0.8571428571428571,
      0.8571428571428571,
      0.8571428571428571,
      0.7142857142857143,
      0.7142857142857143,
      0.7142857142857143,
      0.7142857142857143,
      0.7142857142857143,
      0.7142857142857143,
      0.7142857142857143,
      0.7142857142857143,
      0.7142857142857143,
      0.7142857142857143,
      0.7142857142857143,
      0.7142857142857143,
      0.7142857142857143,
      0.7142857142857143,
      0.7142857142857143,
      0.7142857142857143,
      0.7142857142857143,
      0.7142857142857143,
      0.7142857142857143,
      0.7142857142857143,
      0.7142857142857143,
      0.7142857142857143,
      0.7142857142857143,
      0.7142857142857143,
      0.7142857142857143,
      0.7142857142857143,
      0.7142857142857143,
      0.7142857142857143,
      0.7142857142857143,
      0.7142857142857143,
      0.7142857142857143,
      0.7142857142857143,
      0.7142857142857143,
      0.7142857142857143,
      0.7142857142857143,
      0.7142857142857143,
      0.7142857142857143,
      0.7142857142857143,
      0.7142857142857143,
      0.7142857142857143,
      0.7142857142857143,
      0.7142857142857143,
      0.7142857142857143,
      0.7142857142857143,
      0.5714285714285714,
      0.5714285714285714,
      0.5714285714285714,
      0.5714285714285714,
      0.5714285714285714,
      0.5714285714285714,
      0.42857142857142855,
      0.2857142857142857,
      0.14285714285714285,
      0.14285714285714285,
      0.14285714285714285,
      0.0,
      0.0,
      0.0,
      0.0,
      0.0,
      0.0,
      0.0,
      0.0,
      0.0,
      0.0,
      0.0,
      0.0
    ],