{
  "config_path": "/Users/svenhockers/Desktop/project/topology-and-robustness-in-DNNs/out/tabular/base_e_0.2/configs/trials/trial_000010.json",
  "dataset_name": "TABULAR",
  "metrics_adv": {
    "accuracy": 0.7741935483870968,
    "confusion_matrix": [
      [
        92,
        18
      ],
      [
        10,
        4
      ]
    ],
    "f1": 0.2222222222222222,
    "fpr": [
      0.0,
      0.00909090909090909,
      0.09090909090909091,
      0.09090909090909091,
      0.13636363636363635,
      0.13636363636363635,
      0.14545454545454545,
      0.14545454545454545,
      0.15454545454545454,
      0.15454545454545454,
      0.2636363636363636,
      0.2636363636363636,
      0.32727272727272727,
      0.32727272727272727,
      0.41818181818181815,
      0.41818181818181815,
      0.6545454545454545,
      0.6545454545454545,
      0.8,
      0.8,
      0.9272727272727272,
      0.9272727272727272,
      0.9454545454545454,
      0.9454545454545454,
      0.9545454545454546,
      0.9545454545454546,
      1.0
    ],
    "fpr_at_tpr95": 0.9545454545454546,
    "pr_auc": 0.12179352122782099,
    "pr_precision": [
      0.11290322580645161,
      0.11382113821138211,
      0.11475409836065574,
      0.11570247933884298,
      0.11666666666666667,
      0.11764705882352941,
      0.11016949152542373,
      0.1111111111111111,
      0.10344827586206896,
      0.10434782608695652,
      0.10526315789473684,
      0.09734513274336283,
      0.08928571428571429,
      0.09009009009009009,
      0.09090909090909091,
      0.09174311926605505,
      0.09259259259259259,
      0.09345794392523364,
      0.09433962264150944,
      0.09523809523809523,
      0.09615384615384616,
      0.0970873786407767,
      0.09803921568627451,
      0.09900990099009901,
      0.1,
      0.10101010101010101,
      0.10204081632653061,
      0.09278350515463918,
      0.08333333333333333,
      0.08421052631578947,
      0.0851063829787234,
      0.08602150537634409,
      0.08695652173913043,
      0.08791208791208792,
      0.08888888888888889,
      0.0898876404494382,
      0.09090909090909091,
      0.09195402298850575,
      0.09302325581395349,
      0.09411764705882353,
      0.09523809523809523,
      0.0963855421686747,
      0.0975609756097561,
      0.09876543209876543,
      0.1,
      0.08860759493670886,
      0.08974358974358974,
      0.09090909090909091,
      0.09210526315789473,
      0.09333333333333334,
      0.0945945945945946,
      0.0958904109589041,
      0.09722222222222222,
      0.09859154929577464,
      0.1,
      0.10144927536231885,
      0.10294117647058823,
      0.1044776119402985,
      0.10606060606060606,
      0.1076923076923077,
      0.109375,
      0.1111111111111111,
      0.11290322580645161,
      0.11475409836065574,
      0.11666666666666667,
      0.11864406779661017,
      0.1206896551724138,
      0.12280701754385964,
      0.125,
      0.12727272727272726,
      0.12962962962962962,
      0.1320754716981132,
      0.11538461538461539,
      0.11764705882352941,
      0.12,
      0.12244897959183673,
      0.125,
      0.1276595744680851,
      0.13043478260869565,
      0.13333333333333333,
      0.13636363636363635,
      0.13953488372093023,
      0.14285714285714285,
      0.12195121951219512,
      0.125,
      0.1282051282051282,
      0.13157894736842105,
      0.13513513513513514,
      0.1388888888888889,
      0.14285714285714285,
      0.14705882352941177,
      0.12121212121212122,
      0.125,
      0.12903225806451613,
      0.13333333333333333,
      0.13793103448275862,
      0.14285714285714285,
      0.14814814814814814,
      0.15384615384615385,
      0.16,
      0.16666666666666666,
      0.17391304347826086,
      0.18181818181818182,
      0.19047619047619047,
      0.15,
      0.15789473684210525,
      0.1111111111111111,
      0.11764705882352941,
      0.0625,
      0.06666666666666667,
      0.07142857142857142,
      0.07692307692307693,
      0.08333333333333333,
      0.09090909090909091,
      0.0,
      0.0,
      0.0,
      0.0,
      0.0,
      0.0,
      0.0,
      0.0,
      0.0,
      0.0,
      1.0
    ],
    "pr_recall": [
      1.0,
      1.0,
      1.0,
      1.0,
      1.0,
      1.0,
      0.9285714285714286,
      0.9285714285714286,
      0.8571428571428571,
      0.8571428571428571,
      0.8571428571428571,
      0.7857142857142857,
      0.7142857142857143,
      0.7142857142857143,
      0.7142857142857143,
      0.7142857142857143,
      0.7142857142857143,
      0.7142857142857143,
      0.7142857142857143,
      0.7142857142857143,
      0.7142857142857143,
      0.7142857142857143,
      0.7142857142857143,
      0.7142857142857143,
      0.7142857142857143,
      0.7142857142857143,
      0.7142857142857143,
      0.6428571428571429,
      0.5714285714285714,
      0.5714285714285714,
      0.5714285714285714,
      0.5714285714285714,
      0.5714285714285714,
      0.5714285714285714,
      0.5714285714285714,
      0.5714285714285714,
      0.5714285714285714,
      0.5714285714285714,
      0.5714285714285714,
      0.5714285714285714,
      0.5714285714285714,
      0.5714285714285714,
      0.5714285714285714,
      0.5714285714285714,
      0.5714285714285714,
      0.5,
      0.5,
      0.5,
      0.5,
      0.5,
      0.5,
      0.5,
      0.5,
      0.5,
      0.5,
      0.5,
      0.5,
      0.5,
      0.5,
      0.5,
      0.5,
      0.5,
      0.5,
      0.5,
      0.5,
      0.5,
      0.5,
      0.5,
      0.5,
      0.5,
      0.5,
      0.5,
      0.42857142857142855,
      0.42857142857142855,
      0.42857142857142855,
      0.42857142857142855,
      0.42857142857142855,
      0.42857142857142855,
      0.42857142857142855,
      0.42857142857142855,
      0.42857142857142855,
      0.42857142857142855,
      0.42857142857142855,
      0.35714285714285715,
      0.35714285714285715,
      0.35714285714285715,
      0.35714285714285715,
      0.35714285714285715,
      0.35714285714285715,
      0.35714285714285715,
      0.35714285714285715,
      0.2857142857142857,
      0.2857142857142857,
      0.2857142857142857,
      0.2857142857142857,
      0.2857142857142857,
      0.2857142857142857,
      0.2857142857142857,
      0.2857142857142857,
      0.2857142857142857,
      0.2857142857142857,
      0.2857142857142857,
      0.2857142857142857,
      0.2857142857142857,
      0.21428571428571427,
      0.21428571428571427,
      0.14285714285714285,
      0.14285714285714285,
      0.07142857142857142,
      0.07142857142857142,
      0.07142857142857142,
      0.07142857142857142,
      0.07142857142857142,
      0.07142857142857142,
      0.0,
      0.0,
      0.0,
      0.0,
      0.0,
      0.0,
      0.0,
      0.0,
      0.0,
      0.0,
      0.0
    ],