{
  "config_path": "/Users/svenhockers/Desktop/project/topology-and-robustness-in-DNNs/out/torus_one_hole/base_torus_one_hole_e_0.1/configs/trials/trial_000009.json",
  "dataset_name": "VECTOR",
  "metrics_adv": {
    "accuracy": 0.8699186991869918,
    "confusion_matrix": [
      [
        212,
        28
      ],
      [
        4,
        2
      ]
    ],
    "f1": 0.1111111111111111,
    "fpr": [
      0.0,
      0.004166666666666667,
      0.075,
      0.075,
      0.13333333333333333,
      0.13333333333333333,
      0.1375,
      0.1375,
      0.4625,
      0.4625,
      0.5458333333333333,
      0.5458333333333333,
      1.0
    ],
    "fpr_at_tpr95": 0.5458333333333333,
    "pr_auc": 0.0722255069139301,
    "pr_precision": [
      0.024390243902439025,
      0.024489795918367346,
      0.02459016393442623,
      0.024691358024691357,
      0.024793388429752067,
      0.024896265560165973,
      0.025,
      0.02510460251046025,
      0.025210084033613446,
      0.02531645569620253,
      0.025423728813559324,
      0.02553191489361702,
      0.02564102564102564,
      0.02575107296137339,
      0.02586206896551724,
      0.025974025974025976,
      0.02608695652173913,
      0.026200873362445413,
      0.02631578947368421,
      0.02643171806167401,
      0.02654867256637168,
      0.02666666666666667,
      0.026785714285714284,
      0.026905829596412557,
      0.02702702702702703,
      0.027149321266968326,
      0.02727272727272727,
      0.0273972602739726,
      0.027522935779816515,
      0.027649769585253458,
      0.027777777777777776,
      0.027906976744186046,
      0.028037383177570093,
      0.028169014084507043,
      0.02830188679245283,
      0.02843601895734597,
      0.02857142857142857,
      0.028708133971291867,
      0.028846153846153848,
      0.028985507246376812,
      0.02912621359223301,
      0.02926829268292683,
      0.029411764705882353,
      0.029556650246305417,
      0.0297029702970297,
      0.029850746268656716,
      0.03,
      0.03015075376884422,
      0.030303030303030304,
      0.030456852791878174,
      0.030612244897959183,
      0.03076923076923077,
      0.030927835051546393,
      0.031088082901554404,
      0.03125,
      0.031413612565445025,
      0.031578947368421054,
      0.031746031746031744,
      0.031914893617021274,
      0.03208556149732621,
      0.03225806451612903,
      0.032432432432432434,
      0.03260869565217391,
      0.03278688524590164,
      0.03296703296703297,
      0.03314917127071823,
      0.03333333333333333,
      0.0335195530726257,
      0.033707865168539325,
      0.03389830508474576,
      0.03409090909090909,
      0.03428571428571429,
      0.034482758620689655,
      0.03468208092485549,
      0.03488372093023256,
      0.03508771929824561,
      0.03529411764705882,
      0.03550295857988166,
      0.03571428571428571,
      0.03592814371257485,
      0.03614457831325301,
      0.03636363636363636,
      0.036585365853658534,
      0.03680981595092025,
      0.037037037037037035,
      0.037267080745341616,
      0.0375,
      0.03773584905660377,
      0.0379746835443038,
      0.03821656050955414,
      0.038461538461538464,
      0.03870967741935484,
      0.03896103896103896,
      0.0392156862745098,
      0.039473684210526314,
      0.039735099337748346,
      0.04,
      0.040268456375838924,
      0.04054054054054054,
      0.04081632653061224,
      0.0410958904109589,
      0.041379310344827586,
      0.041666666666666664,
      0.04195804195804196,
      0.04225352112676056,
      0.0425531914893617,
      0.04285714285714286,
      0.04316546762589928,
      0.043478260869565216,
      0.043795620437956206,
      0.03676470588235294,
      0.037037037037037035,
      0.03731343283582089,
      0.03759398496240601,
      0.03787878787878788,
      0.03816793893129771,
      0.038461538461538464,
      0.03875968992248062,
      0.0390625,
      0.03937007874015748,
      0.03968253968253968,
      0.04,
      0.04032258064516129,
      0.04065040650406504,
      0.040983606557377046,
      0.04132231404958678,
      0.041666666666666664,
      0.04201680672268908,
      0.0423728813559322,
      0.042735042735042736,
      0.04310344827586207,
      0.034782608695652174,
      0.03508771929824561,
      0.035398230088495575,
      0.03571428571428571,
      0.036036036036036036,
      0.03636363636363636,
      0.03669724770642202,
      0.037037037037037035,
      0.037383177570093455,
      0.03773584905660377,
      0.0380952380952381,
      0.038461538461538464,
      0.038834951456310676,
      0.0392156862745098,
      0.039603960396039604,
      0.04,
      0.04040404040404041,
      0.04081632653061224,
      0.041237113402061855,
      0.041666666666666664,
      0.042105263157894736,
      0.0425531914893617,
      0.043010752688172046,
      0.043478260869565216,
      0.04395604395604396,
      0.044444444444444446,
      0.0449438202247191,
      0.045454545454545456,
      0.04597701149425287,
      0.046511627906976744,
      0.047058823529411764,
      0.047619047619047616,
      0.04819277108433735,
      0.04878048780487805,
      0.04938271604938271,
      0.05,
      0.05063291139240506,
      0.05128205128205128,
      0.05194805194805195,
      0.05263157894736842,
      0.05333333333333334,
      0.05405405405405406,
      0.0547945205479452,
      0.05555555555555555,
      0.056338028169014086,
      0.05714285714285714,
      0.057971014492753624,
      0.058823529411764705,
      0.05970149253731343,
      0.06060606060606061,
      0.06153846153846154,
      0.0625,
      0.06349206349206349,
      0.06451612903225806,
      0.06557377049180328,
      0.06666666666666667,
      0.06779661016949153,
      0.06896551724137931,
      0.07017543859649122,
      0.07142857142857142,
      0.07272727272727272,
      0.07407407407407407,
      0.07547169811320754,
      0.07692307692307693,
      0.0784313725490196,
      0.08,
      0.08163265306122448,
      0.08333333333333333,
      0.0851063829787234,
      0.08695652173913043,
      0.08888888888888889,
      0.09090909090909091,
      0.09302325581395349,
      0.09523809523809523,
      0.0975609756097561,
      0.1,
      0.10256410256410256,
      0.10526315789473684,
      0.10810810810810811,
      0.08333333333333333,
      0.08571428571428572,
      0.058823529411764705,
      0.06060606060606061,
      0.0625,
      0.06451612903225806,
      0.06666666666666667,
      0.06896551724137931,
      0.07142857142857142,
      0.07407407407407407,
      0.07692307692307693,
      0.08,
      0.08333333333333333,
      0.08695652173913043,
      0.09090909090909091,
      0.09523809523809523,
      0.1,
      0.05263157894736842,
      0.0,
      0.0,
      0.0,
      0.0,
      0.0,
      0.0,
      0.0,
      0.0,
      0.0,
      0.0,
      0.0,
      0.0,
      0.0,
      0.0,
      0.0,
      0.0,
      0.0,
      0.0,
      1.0
    ],