{
  "config_path": "/Users/svenhockers/Desktop/project/topology-and-robustness-in-DNNs/out/tabular/base_e_0.1/configs/trials/trial_000002.json",
  "dataset_name": "TABULAR",
  "metrics_adv": {
    "accuracy": 0.9316239316239316,
    "confusion_matrix": [
      [
        109,
        1
      ],
      [
        7,
        0
      ]
    ],
    "f1": 0.0,
    "fpr": [
      0.0,
      0.00909090909090909,
      0.03636363636363636,
      0.03636363636363636,
      0.09090909090909091,
      0.09090909090909091,
      0.17272727272727273,
      0.17272727272727273,
      0.5636363636363636,
      0.5636363636363636,
      0.6818181818181818,
      0.6818181818181818,
      0.9181818181818182,
      0.9181818181818182,
      0.9272727272727272,
      0.9272727272727272,
      1.0
    ],
    "fpr_at_tpr95": 0.9272727272727272,
    "pr_auc": 0.10663304478253462,
    "pr_precision": [
      0.05982905982905983,
      0.0603448275862069,
      0.06086956521739131,
      0.06140350877192982,
      0.061946902654867256,
      0.0625,
      0.06306306306306306,
      0.06363636363636363,
      0.06422018348623854,
      0.05555555555555555,
      0.056074766355140186,
      0.04716981132075472,
      0.047619047619047616,
      0.04807692307692308,
      0.04854368932038835,
      0.049019607843137254,
      0.04950495049504951,
      0.05,
      0.050505050505050504,
      0.05102040816326531,
      0.05154639175257732,
      0.052083333333333336,
      0.05263157894736842,
      0.05319148936170213,
      0.053763440860215055,
      0.05434782608695652,
      0.054945054945054944,
      0.05555555555555555,
      0.056179775280898875,
      0.056818181818181816,
      0.05747126436781609,
      0.05813953488372093,
      0.058823529411764705,
      0.05952380952380952,
      0.060240963855421686,
      0.06097560975609756,
      0.06172839506172839,
      0.0625,
      0.05063291139240506,
      0.05128205128205128,
      0.05194805194805195,
      0.05263157894736842,
      0.05333333333333334,
      0.05405405405405406,
      0.0547945205479452,
      0.05555555555555555,
      0.056338028169014086,
      0.05714285714285714,
      0.057971014492753624,
      0.058823529411764705,
      0.05970149253731343,
      0.06060606060606061,
      0.046153846153846156,
      0.046875,
      0.047619047619047616,
      0.04838709677419355,
      0.04918032786885246,
      0.05,
      0.05084745762711865,
      0.05172413793103448,
      0.05263157894736842,
      0.05357142857142857,
      0.05454545454545454,
      0.05555555555555555,
      0.05660377358490566,
      0.057692307692307696,
      0.058823529411764705,
      0.06,
      0.061224489795918366,
      0.0625,
      0.06382978723404255,
      0.06521739130434782,
      0.06666666666666667,
      0.06818181818181818,
      0.06976744186046512,
      0.07142857142857142,
      0.07317073170731707,
      0.075,
      0.07692307692307693,
      0.07894736842105263,
      0.08108108108108109,
      0.08333333333333333,
      0.08571428571428572,
      0.08823529411764706,
      0.09090909090909091,
      0.09375,
      0.0967741935483871,
      0.1,
      0.10344827586206896,
      0.10714285714285714,
      0.1111111111111111,
      0.11538461538461539,
      0.12,
      0.125,
      0.13043478260869565,
      0.13636363636363635,
      0.09523809523809523,
      0.1,
      0.10526315789473684,
      0.1111111111111111,
      0.11764705882352941,
      0.125,
      0.13333333333333333,
      0.14285714285714285,
      0.15384615384615385,
      0.16666666666666666,
      0.09090909090909091,
      0.1,
      0.1111111111111111,
      0.125,
      0.14285714285714285,
      0.16666666666666666,
      0.2,
      0.0,
      0.0,
      0.0,
      0.0,
      1.0
    ],
    "pr_recall": [
      1.0,
      1.0,
      1.0,
      1.0,
      1.0,
      1.0,
      1.0,
      1.0,
      1.0,
      0.8571428571428571,
      0.8571428571428571,
      0.7142857142857143,
      0.7142857142857143,
      0.7142857142857143,
      0.7142857142857143,
      0.7142857142857143,
      0.7142857142857143,
      0.7142857142857143,
      0.7142857142857143,
      0.7142857142857143,
      0.7142857142857143,
      0.7142857142857143,
      0.7142857142857143,
      0.7142857142857143,
      0.7142857142857143,
      0.7142857142857143,
      0.7142857142857143,
      0.7142857142857143,
      0.7142857142857143,
      0.7142857142857143,
      0.7142857142857143,
      0.7142857142857143,
      0.7142857142857143,
      0.7142857142857143,
      0.7142857142857143,
      0.7142857142857143,
      0.7142857142857143,
      0.7142857142857143,
      0.5714285714285714,
      0.5714285714285714,
      0.5714285714285714,
      0.5714285714285714,
      0.5714285714285714,
      0.5714285714285714,
      0.5714285714285714,
      0.5714285714285714,
      0.5714285714285714,
      0.5714285714285714,
      0.5714285714285714,
      0.5714285714285714,
      0.5714285714285714,
      0.5714285714285714,
      0.42857142857142855,
      0.42857142857142855,
      0.42857142857142855,
      0.42857142857142855,
      0.42857142857142855,
      0.42857142857142855,
      0.42857142857142855,
      0.42857142857142855,
      0.42857142857142855,
      0.42857142857142855,
      0.42857142857142855,
      0.42857142857142855,
      0.42857142857142855,
      0.42857142857142855,
      0.42857142857142855,
      0.42857142857142855,
      0.42857142857142855,
      0.42857142857142855,
      0.42857142857142855,
      0.42857142857142855,
      0.42857142857142855,
      0.42857142857142855,
      0.42857142857142855,
      0.42857142857142855,
      0.42857142857142855,
      0.42857142857142855,
      0.42857142857142855,
      0.42857142857142855,
      0.42857142857142855,
      0.42857142857142855,
      0.42857142857142855,
      0.42857142857142855,
      0.42857142857142855,
      0.42857142857142855,
      0.42857142857142855,
      0.42857142857142855,
      0.42857142857142855,
      0.42857142857142855,
      0.42857142857142855,
      0.42857142857142855,
      0.42857142857142855,
      0.42857142857142855,
      0.42857142857142855,
      0.42857142857142855,
      0.2857142857142857,
      0.2857142857142857,
      0.2857142857142857,
      0.2857142857142857,
      0.2857142857142857,
      0.2857142857142857,
      0.2857142857142857,
      0.2857142857142857,
      0.2857142857142857,
      0.2857142857142857,
      0.14285714285714285,
      0.14285714285714285,
      0.14285714285714285,
      0.14285714285714285,
      0.14285714285714285,
      0.14285714285714285,
      0.14285714285714285,
      0.0,
      0.0,
      0.0,
      0.0,
      0.0
    ],