{
  "config_path": "/Users/svenhockers/Desktop/project/topology-and-robustness-in-DNNs/out/tabular/base_e_0.3/configs/trials/trial_000011.json",
  "dataset_name": "TABULAR",
  "metrics_adv": {
    "accuracy": 0.7063492063492064,
    "confusion_matrix": [
      [
        83,
        27
      ],
      [
        10,
        6
      ]
    ],
    "f1": 0.24489795918367344,
    "fpr": [
      0.0,
      0.00909090909090909,
      0.05454545454545454,
      0.05454545454545454,
      0.12727272727272726,
      0.12727272727272726,
      0.2,
      0.2,
      0.21818181818181817,
      0.21818181818181817,
      0.23636363636363636,
      0.23636363636363636,
      0.2818181818181818,
      0.2818181818181818,
      0.3,
      0.3,
      0.37272727272727274,
      0.37272727272727274,
      0.4636363636363636,
      0.4636363636363636,
      0.6,
      0.6,
      0.6636363636363637,
      0.6636363636363637,
      0.6727272727272727,
      0.6727272727272727,
      0.7636363636363637,
      0.7636363636363637,
      0.8727272727272727,
      0.8727272727272727,
      0.9545454545454546,
      0.9545454545454546,
      1.0
    ],
    "fpr_at_tpr95": 0.9545454545454546,
    "pr_auc": 0.15428541108276317,
    "pr_precision": [
      0.12698412698412698,
      0.128,
      0.12903225806451613,
      0.13008130081300814,
      0.13114754098360656,
      0.1322314049586777,
      0.125,
      0.12605042016806722,
      0.1271186440677966,
      0.1282051282051282,
      0.12931034482758622,
      0.13043478260869565,
      0.13157894736842105,
      0.13274336283185842,
      0.13392857142857142,
      0.13513513513513514,
      0.12727272727272726,
      0.12844036697247707,
      0.12962962962962962,
      0.1308411214953271,
      0.1320754716981132,
      0.13333333333333333,
      0.1346153846153846,
      0.13592233009708737,
      0.13725490196078433,
      0.13861386138613863,
      0.14,
      0.1414141414141414,
      0.14285714285714285,
      0.13402061855670103,
      0.13541666666666666,
      0.1368421052631579,
      0.13829787234042554,
      0.13978494623655913,
      0.14130434782608695,
      0.14285714285714285,
      0.14444444444444443,
      0.14606741573033707,
      0.14772727272727273,
      0.14942528735632185,
      0.13953488372093023,
      0.1411764705882353,
      0.13095238095238096,
      0.13253012048192772,
      0.13414634146341464,
      0.13580246913580246,
      0.1375,
      0.13924050632911392,
      0.14102564102564102,
      0.14285714285714285,
      0.13157894736842105,
      0.13333333333333333,
      0.13513513513513514,
      0.136986301369863,
      0.1388888888888889,
      0.14084507042253522,
      0.14285714285714285,
      0.14492753623188406,
      0.14705882352941177,
      0.14925373134328357,
      0.15151515151515152,
      0.15384615384615385,
      0.15625,
      0.15873015873015872,
      0.16129032258064516,
      0.16393442622950818,
      0.15,
      0.15254237288135594,
      0.15517241379310345,
      0.15789473684210525,
      0.16071428571428573,
      0.16363636363636364,
      0.16666666666666666,
      0.16981132075471697,
      0.17307692307692307,
      0.17647058823529413,
      0.18,
      0.16326530612244897,
      0.16666666666666666,
      0.1702127659574468,
      0.17391304347826086,
      0.17777777777777778,
      0.18181818181818182,
      0.18604651162790697,
      0.19047619047619047,
      0.1951219512195122,
      0.175,
      0.1794871794871795,
      0.18421052631578946,
      0.16216216216216217,
      0.16666666666666666,
      0.17142857142857143,
      0.17647058823529413,
      0.18181818181818182,
      0.1875,
      0.16129032258064516,
      0.16666666666666666,
      0.1724137931034483,
      0.14285714285714285,
      0.14814814814814814,
      0.15384615384615385,
      0.12,
      0.08333333333333333,
      0.08695652173913043,
      0.09090909090909091,
      0.09523809523809523,
      0.1,
      0.10526315789473684,
      0.1111111111111111,
      0.11764705882352941,
      0.125,
      0.06666666666666667,
      0.07142857142857142,
      0.07692307692307693,
      0.08333333333333333,
      0.09090909090909091,
      0.1,
      0.1111111111111111,
      0.125,
      0.14285714285714285,
      0.0,
      0.0,
      0.0,
      0.0,
      0.0,
      0.0,
      1.0
    ],
    "pr_recall": [
      1.0,
      1.0,
      1.0,
      1.0,
      1.0,
      1.0,
      0.9375,
      0.9375,
      0.9375,
      0.9375,
      0.9375,
      0.9375,
      0.9375,
      0.9375,
      0.9375,
      0.9375,
      0.875,
      0.875,
      0.875,
      0.875,
      0.875,
      0.875,
      0.875,
      0.875,
      0.875,
      0.875,
      0.875,
      0.875,
      0.875,
      0.8125,
      0.8125,
      0.8125,
      0.8125,
      0.8125,
      0.8125,
      0.8125,
      0.8125,
      0.8125,
      0.8125,
      0.8125,
      0.75,
      0.75,
      0.6875,
      0.6875,
      0.6875,
      0.6875,
      0.6875,
      0.6875,
      0.6875,
      0.6875,
      0.625,
      0.625,
      0.625,
      0.625,
      0.625,
      0.625,
      0.625,
      0.625,
      0.625,
      0.625,
      0.625,
      0.625,
      0.625,
      0.625,
      0.625,
      0.625,
      0.5625,
      0.5625,
      0.5625,
      0.5625,
      0.5625,
      0.5625,
      0.5625,
      0.5625,
      0.5625,
      0.5625,
      0.5625,
      0.5,
      0.5,
      0.5,
      0.5,
      0.5,
      0.5,
      0.5,
      0.5,
      0.5,
      0.4375,
      0.4375,
      0.4375,
      0.375,
      0.375,
      0.375,
      0.375,
      0.375,
      0.375,
      0.3125,
      0.3125,
      0.3125,
      0.25,
      0.25,
      0.25,
      0.1875,
      0.125,
      0.125,
      0.125,
      0.125,
      0.125,
      0.125,
      0.125,
      0.125,
      0.125,
      0.0625,
      0.0625,
      0.0625,
      0.0625,
      0.0625,
      0.0625,
      0.0625,
      0.0625,
      0.0625,
      0.0,
      0.0,
      0.0,
      0.0,
      0.0,
      0.0,
      0.0
    ],