{
  "config_path": "/Users/svenhockers/Desktop/project/topology-and-robustness-in-DNNs/out/tabular/base_e_0.1/configs/trials/trial_000013.json",
  "dataset_name": "TABULAR",
  "metrics_adv": {
    "accuracy": 0.7435897435897436,
    "confusion_matrix": [
      [
        87,
        23
      ],
      [
        7,
        0
      ]
    ],
    "f1": 0.0,
    "fpr": [
      0.0,
      0.00909090909090909,
      0.3181818181818182,
      0.3181818181818182,
      0.5818181818181818,
      0.5818181818181818,
      0.6727272727272727,
      0.6727272727272727,
      0.7818181818181819,
      0.7818181818181819,
      0.8090909090909091,
      0.8090909090909091,
      0.990909090909091,
      0.990909090909091,
      1.0,
      1.0
    ],
    "fpr_at_tpr95": 1.0,
    "pr_auc": 0.04381153624579025,
    "pr_precision": [
      0.05982905982905983,
      0.05172413793103448,
      0.05217391304347826,
      0.043859649122807015,
      0.04424778761061947,
      0.044642857142857144,
      0.04504504504504504,
      0.045454545454545456,
      0.045871559633027525,
      0.046296296296296294,
      0.04672897196261682,
      0.04716981132075472,
      0.047619047619047616,
      0.04807692307692308,
      0.04854368932038835,
      0.049019607843137254,
      0.04950495049504951,
      0.05,
      0.050505050505050504,
      0.05102040816326531,
      0.05154639175257732,
      0.052083333333333336,
      0.05263157894736842,
      0.05319148936170213,
      0.043010752688172046,
      0.043478260869565216,
      0.04395604395604396,
      0.044444444444444446,
      0.033707865168539325,
      0.03409090909090909,
      0.034482758620689655,
      0.03488372093023256,
      0.03529411764705882,
      0.03571428571428571,
      0.03614457831325301,
      0.036585365853658534,
      0.037037037037037035,
      0.0375,
      0.0379746835443038,
      0.038461538461538464,
      0.03896103896103896,
      0.02631578947368421,
      0.02666666666666667,
      0.02702702702702703,
      0.0273972602739726,
      0.027777777777777776,
      0.028169014084507043,
      0.02857142857142857,
      0.028985507246376812,
      0.029411764705882353,
      0.029850746268656716,
      0.030303030303030304,
      0.015384615384615385,
      0.015625,
      0.015873015873015872,
      0.016129032258064516,
      0.01639344262295082,
      0.016666666666666666,
      0.01694915254237288,
      0.017241379310344827,
      0.017543859649122806,
      0.017857142857142856,
      0.01818181818181818,
      0.018518518518518517,
      0.018867924528301886,
      0.019230769230769232,
      0.0196078431372549,
      0.02,
      0.02040816326530612,
      0.020833333333333332,
      0.02127659574468085,
      0.021739130434782608,
      0.022222222222222223,
      0.022727272727272728,
      0.023255813953488372,
      0.023809523809523808,
      0.024390243902439025,
      0.025,
      0.02564102564102564,
      0.02631578947368421,
      0.02702702702702703,
      0.027777777777777776,
      0.0,
      0.0,
      0.0,
      0.0,
      0.0,
      0.0,
      0.0,
      0.0,
      0.0,
      0.0,
      0.0,
      0.0,
      0.0,
      0.0,
      0.0,
      0.0,
      0.0,
      0.0,
      0.0,
      0.0,
      0.0,
      0.0,
      0.0,
      0.0,
      0.0,
      0.0,
      0.0,
      0.0,
      0.0,
      0.0,
      0.0,
      0.0,
      0.0,
      0.0,
      0.0,
      1.0
    ],
    "pr_recall": [
      1.0,
      0.8571428571428571,
      0.8571428571428571,
      0.7142857142857143,
      0.7142857142857143,
      0.7142857142857143,
      0.7142857142857143,
      0.7142857142857143,
      0.7142857142857143,
      0.7142857142857143,
      0.7142857142857143,
      0.7142857142857143,
      0.7142857142857143,
      0.7142857142857143,
      0.7142857142857143,
      0.7142857142857143,
      0.7142857142857143,
      0.7142857142857143,
      0.7142857142857143,
      0.7142857142857143,
      0.7142857142857143,
      0.7142857142857143,
      0.7142857142857143,
      0.7142857142857143,
      0.5714285714285714,
      0.5714285714285714,
      0.5714285714285714,
      0.5714285714285714,
      0.42857142857142855,
      0.42857142857142855,
      0.42857142857142855,
      0.42857142857142855,
      0.42857142857142855,
      0.42857142857142855,
      0.42857142857142855,
      0.42857142857142855,
      0.42857142857142855,
      0.42857142857142855,
      0.42857142857142855,
      0.42857142857142855,
      0.42857142857142855,
      0.2857142857142857,
      0.2857142857142857,
      0.2857142857142857,
      0.2857142857142857,
      0.2857142857142857,
      0.2857142857142857,
      0.2857142857142857,
      0.2857142857142857,
      0.2857142857142857,
      0.2857142857142857,
      0.2857142857142857,
      0.14285714285714285,
      0.14285714285714285,
      0.14285714285714285,
      0.14285714285714285,
      0.14285714285714285,
      0.14285714285714285,
      0.14285714285714285,
      0.14285714285714285,
      0.14285714285714285,
      0.14285714285714285,
      0.14285714285714285,
      0.14285714285714285,
      0.14285714285714285,
      0.14285714285714285,
      0.14285714285714285,
      0.14285714285714285,
      0.14285714285714285,
      0.14285714285714285,
      0.14285714285714285,
      0.14285714285714285,
      0.14285714285714285,
      0.14285714285714285,
      0.14285714285714285,
      0.14285714285714285,
      0.14285714285714285,
      0.14285714285714285,
      0.14285714285714285,
      0.14285714285714285,
      0.14285714285714285,
      0.14285714285714285,
      0.0,
      0.0,
      0.0,
      0.0,
      0.0,
      0.0,
      0.0,
      0.0,
      0.0,
      0.0,
      0.0,
      0.0,
      0.0,
      0.0,
      0.0,
      0.0,
      0.0,
      0.0,
      0.0,
      0.0,
      0.0,
      0.0,
      0.0,
      0.0,
      0.0,
      0.0,
      0.0,
      0.0,
      0.0,
      0.0,
      0.0,
      0.0,
      0.0,
      0.0,
      0.0,
      0.0
    ],