{
  "config_path": "/Users/svenhockers/Desktop/project/topology-and-robustness-in-DNNs/out/tabular/topology_only/base_e_0.1/configs/trials/trial_000008.json",
  "dataset_name": "TABULAR",
  "metrics_adv": {
    "accuracy": 0.7521367521367521,
    "confusion_matrix": [
      [
        88,
        22
      ],
      [
        7,
        0
      ]
    ],
    "f1": 0.0,
    "fpr": [
      0.0,
      0.00909090909090909,
      0.24545454545454545,
      0.24545454545454545,
      0.43636363636363634,
      0.43636363636363634,
      0.45454545454545453,
      0.45454545454545453,
      0.6090909090909091,
      0.6090909090909091,
      0.7,
      0.7,
      1.0,
      1.0
    ],
    "fpr_at_tpr95": 1.0,
    "pr_auc": 0.05859636430001926,
    "pr_precision": [
      0.05982905982905983,
      0.05172413793103448,
      0.05217391304347826,
      0.05263157894736842,
      0.05309734513274336,
      0.05357142857142857,
      0.05405405405405406,
      0.05454545454545454,
      0.05504587155963303,
      0.05555555555555555,
      0.056074766355140186,
      0.05660377358490566,
      0.05714285714285714,
      0.057692307692307696,
      0.05825242718446602,
      0.058823529411764705,
      0.0594059405940594,
      0.06,
      0.06060606060606061,
      0.061224489795918366,
      0.061855670103092786,
      0.0625,
      0.06315789473684211,
      0.06382978723404255,
      0.06451612903225806,
      0.06521739130434782,
      0.06593406593406594,
      0.06666666666666667,
      0.06741573033707865,
      0.06818181818181818,
      0.06896551724137931,
      0.06976744186046512,
      0.07058823529411765,
      0.07142857142857142,
      0.07228915662650602,
      0.06097560975609756,
      0.06172839506172839,
      0.0625,
      0.06329113924050633,
      0.0641025641025641,
      0.06493506493506493,
      0.06578947368421052,
      0.06666666666666667,
      0.06756756756756757,
      0.0684931506849315,
      0.06944444444444445,
      0.056338028169014086,
      0.05714285714285714,
      0.057971014492753624,
      0.058823529411764705,
      0.05970149253731343,
      0.06060606060606061,
      0.06153846153846154,
      0.0625,
      0.06349206349206349,
      0.06451612903225806,
      0.06557377049180328,
      0.06666666666666667,
      0.06779661016949153,
      0.06896551724137931,
      0.07017543859649122,
      0.07142857142857142,
      0.07272727272727272,
      0.07407407407407407,
      0.05660377358490566,
      0.057692307692307696,
      0.058823529411764705,
      0.04,
      0.02040816326530612,
      0.020833333333333332,
      0.02127659574468085,
      0.021739130434782608,
      0.022222222222222223,
      0.022727272727272728,
      0.023255813953488372,
      0.023809523809523808,
      0.024390243902439025,
      0.025,
      0.02564102564102564,
      0.02631578947368421,
      0.02702702702702703,
      0.027777777777777776,
      0.02857142857142857,
      0.029411764705882353,
      0.030303030303030304,
      0.03125,
      0.03225806451612903,
      0.03333333333333333,
      0.034482758620689655,
      0.03571428571428571,
      0.0,
      0.0,
      0.0,
      0.0,
      0.0,
      0.0,
      0.0,
      0.0,
      0.0,
      0.0,
      0.0,
      0.0,
      0.0,
      0.0,
      0.0,
      0.0,
      0.0,
      0.0,
      0.0,
      0.0,
      0.0,
      0.0,
      0.0,
      0.0,
      0.0,
      0.0,
      0.0,
      1.0
    ],
    "pr_recall": [
      1.0,
      0.8571428571428571,
      0.8571428571428571,
      0.8571428571428571,
      0.8571428571428571,
      0.8571428571428571,
      0.8571428571428571,
      0.8571428571428571,
      0.8571428571428571,
      0.8571428571428571,
      0.8571428571428571,
      0.8571428571428571,
      0.8571428571428571,
      0.8571428571428571,
      0.8571428571428571,
      0.8571428571428571,
      0.8571428571428571,
      0.8571428571428571,
      0.8571428571428571,
      0.8571428571428571,
      0.8571428571428571,
      0.8571428571428571,
      0.8571428571428571,
      0.8571428571428571,
      0.8571428571428571,
      0.8571428571428571,
      0.8571428571428571,
      0.8571428571428571,
      0.8571428571428571,
      0.8571428571428571,
      0.8571428571428571,
      0.8571428571428571,
      0.8571428571428571,
      0.8571428571428571,
      0.8571428571428571,
      0.7142857142857143,
      0.7142857142857143,
      0.7142857142857143,
      0.7142857142857143,
      0.7142857142857143,
      0.7142857142857143,
      0.7142857142857143,
      0.7142857142857143,
      0.7142857142857143,
      0.7142857142857143,
      0.7142857142857143,
      0.5714285714285714,
      0.5714285714285714,
      0.5714285714285714,
      0.5714285714285714,
      0.5714285714285714,
      0.5714285714285714,
      0.5714285714285714,
      0.5714285714285714,
      0.5714285714285714,
      0.5714285714285714,
      0.5714285714285714,
      0.5714285714285714,
      0.5714285714285714,
      0.5714285714285714,
      0.5714285714285714,
      0.5714285714285714,
      0.5714285714285714,
      0.5714285714285714,
      0.42857142857142855,
      0.42857142857142855,
      0.42857142857142855,
      0.2857142857142857,
      0.14285714285714285,
      0.14285714285714285,
      0.14285714285714285,
      0.14285714285714285,
      0.14285714285714285,
      0.14285714285714285,
      0.14285714285714285,
      0.14285714285714285,
      0.14285714285714285,
      0.14285714285714285,
      0.14285714285714285,
      0.14285714285714285,
      0.14285714285714285,
      0.14285714285714285,
      0.14285714285714285,
      0.14285714285714285,
      0.14285714285714285,
      0.14285714285714285,
      0.14285714285714285,
      0.14285714285714285,
      0.14285714285714285,
      0.14285714285714285,
      0.0,
      0.0,
      0.0,
      0.0,
      0.0,
      0.0,
      0.0,
      0.0,
      0.0,
      0.0,
      0.0,
      0.0,
      0.0,
      0.0,
      0.0,
      0.0,
      0.0,
      0.0,
      0.0,
      0.0,
      0.0,
      0.0,
      0.0,
      0.0,
      0.0,
      0.0,
      0.0,
      0.0
    ],