{
  "config_path": "/Users/svenhockers/Desktop/project/topology-and-robustness-in-DNNs/out/tabular/base_e_0.2/configs/trials/trial_000015.json",
  "dataset_name": "TABULAR",
  "metrics_adv": {
    "accuracy": 0.8467741935483871,
    "confusion_matrix": [
      [
        104,
        6
      ],
      [
        13,
        1
      ]
    ],
    "f1": 0.09523809523809523,
    "fpr": [
      0.0,
      0.00909090909090909,
      0.03636363636363636,
      0.03636363636363636,
      0.14545454545454545,
      0.14545454545454545,
      0.19090909090909092,
      0.19090909090909092,
      0.2,
      0.2,
      0.2727272727272727,
      0.2727272727272727,
      0.2909090909090909,
      0.2909090909090909,
      0.3090909090909091,
      0.3090909090909091,
      0.39090909090909093,
      0.39090909090909093,
      0.6727272727272727,
      0.6727272727272727,
      0.7545454545454545,
      0.7545454545454545,
      0.8636363636363636,
      0.8636363636363636,
      0.9090909090909091,
      0.9090909090909091,
      0.9818181818181818,
      0.9818181818181818,
      1.0
    ],
    "fpr_at_tpr95": 0.9818181818181818,
    "pr_auc": 0.13605386475094966,
    "pr_precision": [
      0.11290322580645161,
      0.11382113821138211,
      0.11475409836065574,
      0.10743801652892562,
      0.10833333333333334,
      0.1092436974789916,
      0.11016949152542373,
      0.1111111111111111,
      0.11206896551724138,
      0.11304347826086956,
      0.11403508771929824,
      0.11504424778761062,
      0.10714285714285714,
      0.10810810810810811,
      0.10909090909090909,
      0.11009174311926606,
      0.1111111111111111,
      0.11214953271028037,
      0.10377358490566038,
      0.10476190476190476,
      0.10576923076923077,
      0.10679611650485436,
      0.10784313725490197,
      0.10891089108910891,
      0.11,
      0.1111111111111111,
      0.11224489795918367,
      0.1134020618556701,
      0.11458333333333333,
      0.11578947368421053,
      0.11702127659574468,
      0.10752688172043011,
      0.10869565217391304,
      0.10989010989010989,
      0.1111111111111111,
      0.11235955056179775,
      0.11363636363636363,
      0.11494252873563218,
      0.11627906976744186,
      0.11764705882352941,
      0.11904761904761904,
      0.10843373493975904,
      0.0975609756097561,
      0.09876543209876543,
      0.1,
      0.10126582278481013,
      0.10256410256410256,
      0.1038961038961039,
      0.10526315789473684,
      0.10666666666666667,
      0.10810810810810811,
      0.1095890410958904,
      0.1111111111111111,
      0.11267605633802817,
      0.11428571428571428,
      0.11594202898550725,
      0.11764705882352941,
      0.11940298507462686,
      0.12121212121212122,
      0.12307692307692308,
      0.125,
      0.12698412698412698,
      0.12903225806451613,
      0.13114754098360656,
      0.13333333333333333,
      0.13559322033898305,
      0.13793103448275862,
      0.14035087719298245,
      0.14285714285714285,
      0.14545454545454545,
      0.14814814814814814,
      0.1509433962264151,
      0.15384615384615385,
      0.1568627450980392,
      0.14,
      0.14285714285714285,
      0.14583333333333334,
      0.14893617021276595,
      0.15217391304347827,
      0.15555555555555556,
      0.1590909090909091,
      0.16279069767441862,
      0.16666666666666666,
      0.17073170731707318,
      0.15,
      0.15384615384615385,
      0.15789473684210525,
      0.13513513513513514,
      0.1388888888888889,
      0.14285714285714285,
      0.11764705882352941,
      0.12121212121212122,
      0.125,
      0.12903225806451613,
      0.13333333333333333,
      0.13793103448275862,
      0.14285714285714285,
      0.14814814814814814,
      0.15384615384615385,
      0.12,
      0.125,
      0.08695652173913043,
      0.09090909090909091,
      0.09523809523809523,
      0.1,
      0.10526315789473684,
      0.1111111111111111,
      0.058823529411764705,
      0.0625,
      0.06666666666666667,
      0.07142857142857142,
      0.07692307692307693,
      0.08333333333333333,
      0.09090909090909091,
      0.1,
      0.1111111111111111,
      0.125,
      0.14285714285714285,
      0.16666666666666666,
      0.2,
      0.0,
      0.0,
      0.0,
      0.0,
      1.0
    ],
    "pr_recall": [
      1.0,
      1.0,
      1.0,
      0.9285714285714286,
      0.9285714285714286,
      0.9285714285714286,
      0.9285714285714286,
      0.9285714285714286,
      0.9285714285714286,
      0.9285714285714286,
      0.9285714285714286,
      0.9285714285714286,
      0.8571428571428571,
      0.8571428571428571,
      0.8571428571428571,
      0.8571428571428571,
      0.8571428571428571,
      0.8571428571428571,
      0.7857142857142857,
      0.7857142857142857,
      0.7857142857142857,
      0.7857142857142857,
      0.7857142857142857,
      0.7857142857142857,
      0.7857142857142857,
      0.7857142857142857,
      0.7857142857142857,
      0.7857142857142857,
      0.7857142857142857,
      0.7857142857142857,
      0.7857142857142857,
      0.7142857142857143,
      0.7142857142857143,
      0.7142857142857143,
      0.7142857142857143,
      0.7142857142857143,
      0.7142857142857143,
      0.7142857142857143,
      0.7142857142857143,
      0.7142857142857143,
      0.7142857142857143,
      0.6428571428571429,
      0.5714285714285714,
      0.5714285714285714,
      0.5714285714285714,
      0.5714285714285714,
      0.5714285714285714,
      0.5714285714285714,
      0.5714285714285714,
      0.5714285714285714,
      0.5714285714285714,
      0.5714285714285714,
      0.5714285714285714,
      0.5714285714285714,
      0.5714285714285714,
      0.5714285714285714,
      0.5714285714285714,
      0.5714285714285714,
      0.5714285714285714,
      0.5714285714285714,
      0.5714285714285714,
      0.5714285714285714,
      0.5714285714285714,
      0.5714285714285714,
      0.5714285714285714,
      0.5714285714285714,
      0.5714285714285714,
      0.5714285714285714,
      0.5714285714285714,
      0.5714285714285714,
      0.5714285714285714,
      0.5714285714285714,
      0.5714285714285714,
      0.5714285714285714,
      0.5,
      0.5,
      0.5,
      0.5,
      0.5,
      0.5,
      0.5,
      0.5,
      0.5,
      0.5,
      0.42857142857142855,
      0.42857142857142855,
      0.42857142857142855,
      0.35714285714285715,
      0.35714285714285715,
      0.35714285714285715,
      0.2857142857142857,
      0.2857142857142857,
      0.2857142857142857,
      0.2857142857142857,
      0.2857142857142857,
      0.2857142857142857,
      0.2857142857142857,
      0.2857142857142857,
      0.2857142857142857,
      0.21428571428571427,
      0.21428571428571427,
      0.14285714285714285,
      0.14285714285714285,
      0.14285714285714285,
      0.14285714285714285,
      0.14285714285714285,
      0.14285714285714285,
      0.07142857142857142,
      0.07142857142857142,
      0.07142857142857142,
      0.07142857142857142,
      0.07142857142857142,
      0.07142857142857142,
      0.07142857142857142,
      0.07142857142857142,
      0.07142857142857142,
      0.07142857142857142,
      0.07142857142857142,
      0.07142857142857142,
      0.07142857142857142,
      0.0,
      0.0,
      0.0,
      0.0,
      0.0
    ],