{
  "config_path": "/Users/svenhockers/Desktop/project/topology-and-robustness-in-DNNs/out/torus_one_hole/topology_only/base_torus_one_hole_e_0.3_copy/configs/trials/trial_000004.json",
  "dataset_name": "VECTOR",
  "metrics_adv": {
    "accuracy": 0.7926829268292683,
    "confusion_matrix": [
      [
        193,
        47
      ],
      [
        4,
        2
      ]
    ],
    "f1": 0.07272727272727272,
    "fpr": [
      0.0,
      0.004166666666666667,
      0.075,
      0.075,
      0.11666666666666667,
      0.11666666666666667,
      0.275,
      0.275,
      0.475,
      0.475,
      0.7375,
      0.7375,
      0.7666666666666667,
      0.7666666666666667,
      1.0
    ],
    "fpr_at_tpr95": 0.7666666666666667,
    "pr_auc": 0.04262104773488243,
    "pr_precision": [
      0.024390243902439025,
      0.024489795918367346,
      0.02459016393442623,
      0.024691358024691357,
      0.024793388429752067,
      0.024896265560165973,
      0.025,
      0.02510460251046025,
      0.025210084033613446,
      0.02531645569620253,
      0.025423728813559324,
      0.02553191489361702,
      0.02564102564102564,
      0.02575107296137339,
      0.02586206896551724,
      0.025974025974025976,
      0.02608695652173913,
      0.026200873362445413,
      0.02631578947368421,
      0.02643171806167401,
      0.02654867256637168,
      0.02666666666666667,
      0.026785714285714284,
      0.026905829596412557,
      0.02702702702702703,
      0.027149321266968326,
      0.02727272727272727,
      0.0273972602739726,
      0.027522935779816515,
      0.027649769585253458,
      0.027777777777777776,
      0.027906976744186046,
      0.028037383177570093,
      0.028169014084507043,
      0.02830188679245283,
      0.02843601895734597,
      0.02857142857142857,
      0.028708133971291867,
      0.028846153846153848,
      0.028985507246376812,
      0.02912621359223301,
      0.02926829268292683,
      0.029411764705882353,
      0.029556650246305417,
      0.0297029702970297,
      0.029850746268656716,
      0.03,
      0.03015075376884422,
      0.030303030303030304,
      0.030456852791878174,
      0.030612244897959183,
      0.03076923076923077,
      0.030927835051546393,
      0.031088082901554404,
      0.03125,
      0.031413612565445025,
      0.031578947368421054,
      0.026455026455026454,
      0.026595744680851064,
      0.026737967914438502,
      0.026881720430107527,
      0.02702702702702703,
      0.02717391304347826,
      0.0273224043715847,
      0.027472527472527472,
      0.022099447513812154,
      0.022222222222222223,
      0.0223463687150838,
      0.02247191011235955,
      0.022598870056497175,
      0.022727272727272728,
      0.022857142857142857,
      0.022988505747126436,
      0.023121387283236993,
      0.023255813953488372,
      0.023391812865497075,
      0.023529411764705882,
      0.023668639053254437,
      0.023809523809523808,
      0.023952095808383235,
      0.024096385542168676,
      0.024242424242424242,
      0.024390243902439025,
      0.024539877300613498,
      0.024691358024691357,
      0.024844720496894408,
      0.025,
      0.025157232704402517,
      0.02531645569620253,
      0.025477707006369428,
      0.02564102564102564,
      0.025806451612903226,
      0.025974025974025976,
      0.026143790849673203,
      0.02631578947368421,
      0.026490066225165563,
      0.02666666666666667,
      0.026845637583892617,
      0.02702702702702703,
      0.027210884353741496,
      0.0273972602739726,
      0.027586206896551724,
      0.027777777777777776,
      0.027972027972027972,
      0.028169014084507043,
      0.028368794326241134,
      0.02857142857142857,
      0.02877697841726619,
      0.028985507246376812,
      0.029197080291970802,
      0.029411764705882353,
      0.02962962962962963,
      0.029850746268656716,
      0.03007518796992481,
      0.030303030303030304,
      0.030534351145038167,
      0.03076923076923077,
      0.031007751937984496,
      0.03125,
      0.031496062992125984,
      0.031746031746031744,
      0.032,
      0.03225806451612903,
      0.032520325203252036,
      0.03278688524590164,
      0.03305785123966942,
      0.03333333333333333,
      0.03361344537815126,
      0.03389830508474576,
      0.02564102564102564,
      0.02586206896551724,
      0.02608695652173913,
      0.02631578947368421,
      0.02654867256637168,
      0.026785714285714284,
      0.02702702702702703,
      0.02727272727272727,
      0.027522935779816515,
      0.027777777777777776,
      0.028037383177570093,
      0.02830188679245283,
      0.02857142857142857,
      0.028846153846153848,
      0.02912621359223301,
      0.029411764705882353,
      0.0297029702970297,
      0.03,
      0.030303030303030304,
      0.030612244897959183,
      0.030927835051546393,
      0.03125,
      0.031578947368421054,
      0.031914893617021274,
      0.03225806451612903,
      0.03260869565217391,
      0.03296703296703297,
      0.03333333333333333,
      0.033707865168539325,
      0.03409090909090909,
      0.034482758620689655,
      0.03488372093023256,
      0.03529411764705882,
      0.03571428571428571,
      0.03614457831325301,
      0.036585365853658534,
      0.037037037037037035,
      0.0375,
      0.0379746835443038,
      0.038461538461538464,
      0.03896103896103896,
      0.039473684210526314,
      0.04,
      0.04054054054054054,
      0.0410958904109589,
      0.041666666666666664,
      0.04225352112676056,
      0.04285714285714286,
      0.043478260869565216,
      0.029411764705882353,
      0.029850746268656716,
      0.030303030303030304,
      0.03076923076923077,
      0.03125,
      0.031746031746031744,
      0.03225806451612903,
      0.03278688524590164,
      0.03333333333333333,
      0.03389830508474576,
      0.034482758620689655,
      0.03508771929824561,
      0.03571428571428571,
      0.03636363636363636,
      0.037037037037037035,
      0.03773584905660377,
      0.038461538461538464,
      0.0392156862745098,
      0.04,
      0.04081632653061224,
      0.041666666666666664,
      0.0425531914893617,
      0.043478260869565216,
      0.044444444444444446,
      0.045454545454545456,
      0.046511627906976744,
      0.047619047619047616,
      0.04878048780487805,
      0.05,
      0.05128205128205128,
      0.05263157894736842,
      0.05405405405405406,
      0.05555555555555555,
      0.05714285714285714,
      0.058823529411764705,
      0.06060606060606061,
      0.0625,
      0.06451612903225806,
      0.06666666666666667,
      0.034482758620689655,
      0.03571428571428571,
      0.037037037037037035,
      0.038461538461538464,
      0.04,
      0.041666666666666664,
      0.043478260869565216,
      0.045454545454545456,
      0.047619047619047616,
      0.05,
      0.05263157894736842,
      0.0,
      0.0,
      0.0,
      0.0,
      0.0,
      0.0,
      0.0,
      0.0,
      0.0,
      0.0,
      0.0,
      0.0,
      0.0,
      0.0,
      0.0,
      0.0,
      0.0,
      0.0,
      1.0
    ],