{
  "config_path": "/Users/svenhockers/Desktop/project/topology-and-robustness-in-DNNs/out/torus_one_hole/baseline/base_torus_one_hole_e_0.1/configs/trials/trial_000008.json",
  "dataset_name": "VECTOR",
  "metrics_adv": {
    "accuracy": 0.8495934959349594,
    "confusion_matrix": [
      [
        203,
        37
      ],
      [
        0,
        6
      ]
    ],
    "f1": 0.24489795918367346,
    "fpr": [
      0.0,
      0.0,
      0.0,
      0.004166666666666667,
      0.004166666666666667,
      0.008333333333333333,
      0.008333333333333333,
      0.0125,
      0.0125,
      1.0
    ],
    "fpr_at_tpr95": 0.0125,
    "pr_auc": 0.8634920634920634,
    "pr_precision": [
      0.024390243902439025,
      0.024489795918367346,
      0.02459016393442623,
      0.024691358024691357,
      0.024793388429752067,
      0.024896265560165973,
      0.025,
      0.02510460251046025,
      0.025210084033613446,
      0.02531645569620253,
      0.025423728813559324,
      0.02553191489361702,
      0.02564102564102564,
      0.02575107296137339,
      0.02586206896551724,
      0.025974025974025976,
      0.02608695652173913,
      0.026200873362445413,
      0.02631578947368421,
      0.02643171806167401,
      0.02654867256637168,
      0.02666666666666667,
      0.026785714285714284,
      0.026905829596412557,
      0.02702702702702703,
      0.027149321266968326,
      0.02727272727272727,
      0.0273972602739726,
      0.027522935779816515,
      0.027649769585253458,
      0.027777777777777776,
      0.027906976744186046,
      0.028037383177570093,
      0.028169014084507043,
      0.02830188679245283,
      0.02843601895734597,
      0.02857142857142857,
      0.028708133971291867,
      0.028846153846153848,
      0.028985507246376812,
      0.02912621359223301,
      0.02926829268292683,
      0.029411764705882353,
      0.029556650246305417,
      0.0297029702970297,
      0.029850746268656716,
      0.03,
      0.03015075376884422,
      0.030303030303030304,
      0.030456852791878174,
      0.030612244897959183,
      0.03076923076923077,
      0.030927835051546393,
      0.031088082901554404,
      0.03125,
      0.031413612565445025,
      0.031578947368421054,
      0.031746031746031744,
      0.031914893617021274,
      0.03208556149732621,
      0.03225806451612903,
      0.032432432432432434,
      0.03260869565217391,
      0.03278688524590164,
      0.03296703296703297,
      0.03314917127071823,
      0.03333333333333333,
      0.0335195530726257,
      0.033707865168539325,
      0.03389830508474576,
      0.03409090909090909,
      0.03428571428571429,
      0.034482758620689655,
      0.03468208092485549,
      0.03488372093023256,
      0.03508771929824561,
      0.03529411764705882,
      0.03550295857988166,
      0.03571428571428571,
      0.03592814371257485,
      0.03614457831325301,
      0.03636363636363636,
      0.036585365853658534,
      0.03680981595092025,
      0.037037037037037035,
      0.037267080745341616,
      0.0375,
      0.03773584905660377,
      0.0379746835443038,
      0.03821656050955414,
      0.038461538461538464,
      0.03870967741935484,
      0.03896103896103896,
      0.0392156862745098,
      0.039473684210526314,
      0.039735099337748346,
      0.04,
      0.040268456375838924,
      0.04054054054054054,
      0.04081632653061224,
      0.0410958904109589,
      0.041379310344827586,
      0.041666666666666664,
      0.04195804195804196,
      0.04225352112676056,
      0.0425531914893617,
      0.04285714285714286,
      0.04316546762589928,
      0.043478260869565216,
      0.043795620437956206,
      0.04411764705882353,
      0.044444444444444446,
      0.04477611940298507,
      0.045112781954887216,
      0.045454545454545456,
      0.04580152671755725,
      0.046153846153846156,
      0.046511627906976744,
      0.046875,
      0.047244094488188976,
      0.047619047619047616,
      0.048,
      0.04838709677419355,
      0.04878048780487805,
      0.04918032786885246,
      0.049586776859504134,
      0.05,
      0.05042016806722689,
      0.05084745762711865,
      0.05128205128205128,
      0.05172413793103448,
      0.05217391304347826,
      0.05263157894736842,
      0.05309734513274336,
      0.05357142857142857,
      0.05405405405405406,
      0.05454545454545454,
      0.05504587155963303,
      0.05555555555555555,
      0.056074766355140186,
      0.05660377358490566,
      0.05714285714285714,
      0.057692307692307696,
      0.05825242718446602,
      0.058823529411764705,
      0.0594059405940594,
      0.06,
      0.06060606060606061,
      0.061224489795918366,
      0.061855670103092786,
      0.0625,
      0.06315789473684211,
      0.06382978723404255,
      0.06451612903225806,
      0.06521739130434782,
      0.06593406593406594,
      0.06666666666666667,
      0.06741573033707865,
      0.06818181818181818,
      0.06896551724137931,
      0.06976744186046512,
      0.07058823529411765,
      0.07142857142857142,
      0.07228915662650602,
      0.07317073170731707,
      0.07407407407407407,
      0.075,
      0.0759493670886076,
      0.07692307692307693,
      0.07792207792207792,
      0.07894736842105263,
      0.08,
      0.08108108108108109,
      0.0821917808219178,
      0.08333333333333333,
      0.08450704225352113,
      0.08571428571428572,
      0.08695652173913043,
      0.08823529411764706,
      0.08955223880597014,
      0.09090909090909091,
      0.09230769230769231,
      0.09375,
      0.09523809523809523,
      0.0967741935483871,
      0.09836065573770492,
      0.1,
      0.1016949152542373,
      0.10344827586206896,
      0.10526315789473684,
      0.10714285714285714,
      0.10909090909090909,
      0.1111111111111111,
      0.11320754716981132,
      0.11538461538461539,
      0.11764705882352941,
      0.12,
      0.12244897959183673,
      0.125,
      0.1276595744680851,
      0.13043478260869565,
      0.13333333333333333,
      0.13636363636363635,
      0.13953488372093023,
      0.14285714285714285,
      0.14634146341463414,
      0.15,
      0.15384615384615385,
      0.15789473684210525,
      0.16216216216216217,
      0.16666666666666666,
      0.17142857142857143,
      0.17647058823529413,
      0.18181818181818182,
      0.1875,
      0.1935483870967742,
      0.2,
      0.20689655172413793,
      0.21428571428571427,
      0.2222222222222222,
      0.23076923076923078,
      0.24,
      0.25,
      0.2608695652173913,
      0.2727272727272727,
      0.2857142857142857,
      0.3,
      0.3157894736842105,
      0.3333333333333333,
      0.35294117647058826,
      0.375,
      0.4,
      0.42857142857142855,
      0.46153846153846156,
      0.5,
      0.5454545454545454,
      0.6,
      0.6666666666666666,
      0.625,
      0.7142857142857143,
      0.6666666666666666,
      0.8,
      0.75,
      1.0,
      1.0,
      1.0,
      1.0
    ],