{
  "config_path": "/Users/svenhockers/Desktop/project/topology-and-robustness-in-DNNs/out/torus_one_hole/base_torus_one_hole_e_0.1/configs/trials/trial_000002.json",
  "dataset_name": "VECTOR",
  "metrics_adv": {
    "accuracy": 0.975609756097561,
    "confusion_matrix": [
      [
        239,
        1
      ],
      [
        5,
        1
      ]
    ],
    "f1": 0.25,
    "fpr": [
      0.0,
      0.004166666666666667,
      0.004166666666666667,
      0.07083333333333333,
      0.07083333333333333,
      0.1125,
      0.1125,
      0.2791666666666667,
      0.2791666666666667,
      0.37916666666666665,
      0.37916666666666665,
      0.7666666666666667,
      0.7666666666666667,
      1.0
    ],
    "fpr_at_tpr95": 0.7666666666666667,
    "pr_auc": 0.14087724446091754,
    "pr_precision": [
      0.024390243902439025,
      0.024489795918367346,
      0.02459016393442623,
      0.024691358024691357,
      0.024793388429752067,
      0.024896265560165973,
      0.025,
      0.02510460251046025,
      0.025210084033613446,
      0.02531645569620253,
      0.025423728813559324,
      0.02553191489361702,
      0.02564102564102564,
      0.02575107296137339,
      0.02586206896551724,
      0.025974025974025976,
      0.02608695652173913,
      0.026200873362445413,
      0.02631578947368421,
      0.02643171806167401,
      0.02654867256637168,
      0.02666666666666667,
      0.026785714285714284,
      0.026905829596412557,
      0.02702702702702703,
      0.027149321266968326,
      0.02727272727272727,
      0.0273972602739726,
      0.027522935779816515,
      0.027649769585253458,
      0.027777777777777776,
      0.027906976744186046,
      0.028037383177570093,
      0.028169014084507043,
      0.02830188679245283,
      0.02843601895734597,
      0.02857142857142857,
      0.028708133971291867,
      0.028846153846153848,
      0.028985507246376812,
      0.02912621359223301,
      0.02926829268292683,
      0.029411764705882353,
      0.029556650246305417,
      0.0297029702970297,
      0.029850746268656716,
      0.03,
      0.03015075376884422,
      0.030303030303030304,
      0.030456852791878174,
      0.030612244897959183,
      0.03076923076923077,
      0.030927835051546393,
      0.031088082901554404,
      0.03125,
      0.031413612565445025,
      0.031578947368421054,
      0.026455026455026454,
      0.026595744680851064,
      0.026737967914438502,
      0.026881720430107527,
      0.02702702702702703,
      0.02717391304347826,
      0.0273224043715847,
      0.027472527472527472,
      0.027624309392265192,
      0.027777777777777776,
      0.027932960893854747,
      0.028089887640449437,
      0.02824858757062147,
      0.028409090909090908,
      0.02857142857142857,
      0.028735632183908046,
      0.028901734104046242,
      0.029069767441860465,
      0.029239766081871343,
      0.029411764705882353,
      0.029585798816568046,
      0.02976190476190476,
      0.029940119760479042,
      0.030120481927710843,
      0.030303030303030304,
      0.03048780487804878,
      0.03067484662576687,
      0.030864197530864196,
      0.031055900621118012,
      0.03125,
      0.031446540880503145,
      0.03164556962025317,
      0.03184713375796178,
      0.03205128205128205,
      0.03225806451612903,
      0.032467532467532464,
      0.032679738562091505,
      0.03289473684210526,
      0.033112582781456956,
      0.03333333333333333,
      0.03355704697986577,
      0.033783783783783786,
      0.034013605442176874,
      0.03424657534246575,
      0.034482758620689655,
      0.034722222222222224,
      0.03496503496503497,
      0.035211267605633804,
      0.03546099290780142,
      0.03571428571428571,
      0.03597122302158273,
      0.036231884057971016,
      0.0364963503649635,
      0.03676470588235294,
      0.037037037037037035,
      0.03731343283582089,
      0.03759398496240601,
      0.03787878787878788,
      0.03816793893129771,
      0.038461538461538464,
      0.03875968992248062,
      0.0390625,
      0.03937007874015748,
      0.03968253968253968,
      0.04,
      0.04032258064516129,
      0.04065040650406504,
      0.040983606557377046,
      0.04132231404958678,
      0.041666666666666664,
      0.04201680672268908,
      0.0423728813559322,
      0.042735042735042736,
      0.04310344827586207,
      0.043478260869565216,
      0.043859649122807015,
      0.04424778761061947,
      0.044642857142857144,
      0.04504504504504504,
      0.045454545454545456,
      0.045871559633027525,
      0.046296296296296294,
      0.04672897196261682,
      0.04716981132075472,
      0.047619047619047616,
      0.04807692307692308,
      0.04854368932038835,
      0.049019607843137254,
      0.04950495049504951,
      0.05,
      0.050505050505050504,
      0.05102040816326531,
      0.05154639175257732,
      0.052083333333333336,
      0.042105263157894736,
      0.0425531914893617,
      0.043010752688172046,
      0.043478260869565216,
      0.04395604395604396,
      0.044444444444444446,
      0.0449438202247191,
      0.045454545454545456,
      0.04597701149425287,
      0.046511627906976744,
      0.047058823529411764,
      0.047619047619047616,
      0.04819277108433735,
      0.04878048780487805,
      0.04938271604938271,
      0.05,
      0.05063291139240506,
      0.05128205128205128,
      0.05194805194805195,
      0.05263157894736842,
      0.05333333333333334,
      0.05405405405405406,
      0.0547945205479452,
      0.05555555555555555,
      0.056338028169014086,
      0.04285714285714286,
      0.043478260869565216,
      0.04411764705882353,
      0.04477611940298507,
      0.045454545454545456,
      0.046153846153846156,
      0.046875,
      0.047619047619047616,
      0.04838709677419355,
      0.04918032786885246,
      0.05,
      0.05084745762711865,
      0.05172413793103448,
      0.05263157894736842,
      0.05357142857142857,
      0.05454545454545454,
      0.05555555555555555,
      0.05660377358490566,
      0.057692307692307696,
      0.058823529411764705,
      0.06,
      0.061224489795918366,
      0.0625,
      0.06382978723404255,
      0.06521739130434782,
      0.06666666666666667,
      0.06818181818181818,
      0.06976744186046512,
      0.07142857142857142,
      0.07317073170731707,
      0.075,
      0.07692307692307693,
      0.07894736842105263,
      0.08108108108108109,
      0.08333333333333333,
      0.08571428571428572,
      0.08823529411764706,
      0.09090909090909091,
      0.09375,
      0.0967741935483871,
      0.1,
      0.06896551724137931,
      0.07142857142857142,
      0.07407407407407407,
      0.07692307692307693,
      0.08,
      0.08333333333333333,
      0.08695652173913043,
      0.09090909090909091,
      0.09523809523809523,
      0.1,
      0.10526315789473684,
      0.05555555555555555,
      0.058823529411764705,
      0.0625,
      0.06666666666666667,
      0.07142857142857142,
      0.07692307692307693,
      0.08333333333333333,
      0.09090909090909091,
      0.1,
      0.1111111111111111,
      0.125,
      0.14285714285714285,
      0.16666666666666666,
      0.2,
      0.25,
      0.3333333333333333,
      0.5,
      0.0,
      1.0
    ],