{
  "config_path": "/Users/svenhockers/Desktop/project/topology-and-robustness-in-DNNs/out/tabular/base_e_0.2/configs/trials/trial_000012.json",
  "dataset_name": "TABULAR",
  "metrics_adv": {
    "accuracy": 0.782258064516129,
    "confusion_matrix": [
      [
        95,
        15
      ],
      [
        12,
        2
      ]
    ],
    "f1": 0.12903225806451615,
    "fpr": [
      0.0,
      0.00909090909090909,
      0.01818181818181818,
      0.01818181818181818,
      0.10909090909090909,
      0.10909090909090909,
      0.15454545454545454,
      0.15454545454545454,
      0.42727272727272725,
      0.42727272727272725,
      0.43636363636363634,
      0.43636363636363634,
      0.4909090909090909,
      0.4909090909090909,
      0.7272727272727273,
      0.7272727272727273,
      0.8272727272727273,
      0.8272727272727273,
      0.8454545454545455,
      0.8454545454545455,
      0.9727272727272728,
      0.9727272727272728,
      0.990909090909091,
      0.990909090909091,
      1.0
    ],
    "fpr_at_tpr95": 0.990909090909091,
    "pr_auc": 0.11751095982414275,
    "pr_precision": [
      0.11290322580645161,
      0.11382113821138211,
      0.10655737704918032,
      0.09917355371900827,
      0.09166666666666666,
      0.08403361344537816,
      0.0847457627118644,
      0.08547008547008547,
      0.07758620689655173,
      0.0782608695652174,
      0.07894736842105263,
      0.07964601769911504,
      0.08035714285714286,
      0.08108108108108109,
      0.08181818181818182,
      0.08256880733944955,
      0.08333333333333333,
      0.08411214953271028,
      0.08490566037735849,
      0.08571428571428572,
      0.08653846153846154,
      0.08737864077669903,
      0.08823529411764706,
      0.07920792079207921,
      0.08,
      0.08080808080808081,
      0.07142857142857142,
      0.07216494845360824,
      0.07291666666666667,
      0.07368421052631578,
      0.07446808510638298,
      0.07526881720430108,
      0.07608695652173914,
      0.07692307692307693,
      0.07777777777777778,
      0.07865168539325842,
      0.07954545454545454,
      0.08045977011494253,
      0.06976744186046512,
      0.07058823529411765,
      0.07142857142857142,
      0.07228915662650602,
      0.07317073170731707,
      0.07407407407407407,
      0.075,
      0.0759493670886076,
      0.07692307692307693,
      0.07792207792207792,
      0.07894736842105263,
      0.08,
      0.08108108108108109,
      0.0821917808219178,
      0.08333333333333333,
      0.08450704225352113,
      0.08571428571428572,
      0.08695652173913043,
      0.08823529411764706,
      0.08955223880597014,
      0.09090909090909091,
      0.09230769230769231,
      0.09375,
      0.09523809523809523,
      0.0967741935483871,
      0.09836065573770492,
      0.1,
      0.0847457627118644,
      0.08620689655172414,
      0.08771929824561403,
      0.08928571428571429,
      0.09090909090909091,
      0.09259259259259259,
      0.09433962264150944,
      0.07692307692307693,
      0.0784313725490196,
      0.06,
      0.061224489795918366,
      0.0625,
      0.06382978723404255,
      0.06521739130434782,
      0.06666666666666667,
      0.06818181818181818,
      0.06976744186046512,
      0.07142857142857142,
      0.07317073170731707,
      0.075,
      0.07692307692307693,
      0.07894736842105263,
      0.08108108108108109,
      0.08333333333333333,
      0.08571428571428572,
      0.08823529411764706,
      0.09090909090909091,
      0.09375,
      0.0967741935483871,
      0.1,
      0.10344827586206896,
      0.10714285714285714,
      0.1111111111111111,
      0.11538461538461539,
      0.12,
      0.125,
      0.13043478260869565,
      0.13636363636363635,
      0.14285714285714285,
      0.15,
      0.10526315789473684,
      0.1111111111111111,
      0.11764705882352941,
      0.125,
      0.13333333333333333,
      0.14285714285714285,
      0.07692307692307693,
      0.08333333333333333,
      0.09090909090909091,
      0.1,
      0.1111111111111111,
      0.125,
      0.14285714285714285,
      0.16666666666666666,
      0.2,
      0.25,
      0.3333333333333333,
      0.0,
      0.0,
      1.0
    ],
    "pr_recall": [
      1.0,
      1.0,
      0.9285714285714286,
      0.8571428571428571,
      0.7857142857142857,
      0.7142857142857143,
      0.7142857142857143,
      0.7142857142857143,
      0.6428571428571429,
      0.6428571428571429,
      0.6428571428571429,
      0.6428571428571429,
      0.6428571428571429,
      0.6428571428571429,
      0.6428571428571429,
      0.6428571428571429,
      0.6428571428571429,
      0.6428571428571429,
      0.6428571428571429,
      0.6428571428571429,
      0.6428571428571429,
      0.6428571428571429,
      0.6428571428571429,
      0.5714285714285714,
      0.5714285714285714,
      0.5714285714285714,
      0.5,
      0.5,
      0.5,
      0.5,
      0.5,
      0.5,
      0.5,
      0.5,
      0.5,
      0.5,
      0.5,
      0.5,
      0.42857142857142855,
      0.42857142857142855,
      0.42857142857142855,
      0.42857142857142855,
      0.42857142857142855,
      0.42857142857142855,
      0.42857142857142855,
      0.42857142857142855,
      0.42857142857142855,
      0.42857142857142855,
      0.42857142857142855,
      0.42857142857142855,
      0.42857142857142855,
      0.42857142857142855,
      0.42857142857142855,
      0.42857142857142855,
      0.42857142857142855,
      0.42857142857142855,
      0.42857142857142855,
      0.42857142857142855,
      0.42857142857142855,
      0.42857142857142855,
      0.42857142857142855,
      0.42857142857142855,
      0.42857142857142855,
      0.42857142857142855,
      0.42857142857142855,
      0.35714285714285715,
      0.35714285714285715,
      0.35714285714285715,
      0.35714285714285715,
      0.35714285714285715,
      0.35714285714285715,
      0.35714285714285715,
      0.2857142857142857,
      0.2857142857142857,
      0.21428571428571427,
      0.21428571428571427,
      0.21428571428571427,
      0.21428571428571427,
      0.21428571428571427,
      0.21428571428571427,
      0.21428571428571427,
      0.21428571428571427,
      0.21428571428571427,
      0.21428571428571427,
      0.21428571428571427,
      0.21428571428571427,
      0.21428571428571427,
      0.21428571428571427,
      0.21428571428571427,
      0.21428571428571427,
      0.21428571428571427,
      0.21428571428571427,
      0.21428571428571427,
      0.21428571428571427,
      0.21428571428571427,
      0.21428571428571427,
      0.21428571428571427,
      0.21428571428571427,
      0.21428571428571427,
      0.21428571428571427,
      0.21428571428571427,
      0.21428571428571427,
      0.21428571428571427,
      0.21428571428571427,
      0.21428571428571427,
      0.14285714285714285,
      0.14285714285714285,
      0.14285714285714285,
      0.14285714285714285,
      0.14285714285714285,
      0.14285714285714285,
      0.07142857142857142,
      0.07142857142857142,
      0.07142857142857142,
      0.07142857142857142,
      0.07142857142857142,
      0.07142857142857142,
      0.07142857142857142,
      0.07142857142857142,
      0.07142857142857142,
      0.07142857142857142,
      0.07142857142857142,
      0.0,
      0.0,
      0.0
    ],