{
  "config_path": "/Users/svenhockers/Desktop/project/topology-and-robustness-in-DNNs/out/torus_one_hole/topology_only/base_torus_one_hole_e_0.3_copy/configs/trials/trial_000002.json",
  "dataset_name": "VECTOR",
  "metrics_adv": {
    "accuracy": 0.9634146341463414,
    "confusion_matrix": [
      [
        237,
        3
      ],
      [
        6,
        0
      ]
    ],
    "f1": 0.0,
    "fpr": [
      0.0,
      0.004166666666666667,
      0.029166666666666667,
      0.029166666666666667,
      0.0875,
      0.0875,
      0.22083333333333333,
      0.22083333333333333,
      0.7291666666666666,
      0.7291666666666666,
      0.7375,
      0.7375,
      0.8791666666666667,
      0.8791666666666667,
      1.0
    ],
    "fpr_at_tpr95": 0.8791666666666667,
    "pr_auc": 0.057166102680570624,
    "pr_precision": [
      0.024390243902439025,
      0.024489795918367346,
      0.02459016393442623,
      0.024691358024691357,
      0.024793388429752067,
      0.024896265560165973,
      0.025,
      0.02510460251046025,
      0.025210084033613446,
      0.02531645569620253,
      0.025423728813559324,
      0.02553191489361702,
      0.02564102564102564,
      0.02575107296137339,
      0.02586206896551724,
      0.025974025974025976,
      0.02608695652173913,
      0.026200873362445413,
      0.02631578947368421,
      0.02643171806167401,
      0.02654867256637168,
      0.02666666666666667,
      0.026785714285714284,
      0.026905829596412557,
      0.02702702702702703,
      0.027149321266968326,
      0.02727272727272727,
      0.0273972602739726,
      0.027522935779816515,
      0.027649769585253458,
      0.023148148148148147,
      0.023255813953488372,
      0.02336448598130841,
      0.023474178403755867,
      0.02358490566037736,
      0.023696682464454975,
      0.023809523809523808,
      0.023923444976076555,
      0.02403846153846154,
      0.024154589371980676,
      0.024271844660194174,
      0.024390243902439025,
      0.024509803921568627,
      0.024630541871921183,
      0.024752475247524754,
      0.024875621890547265,
      0.025,
      0.02512562814070352,
      0.025252525252525252,
      0.025380710659898477,
      0.025510204081632654,
      0.02564102564102564,
      0.02577319587628866,
      0.025906735751295335,
      0.026041666666666668,
      0.02617801047120419,
      0.02631578947368421,
      0.026455026455026454,
      0.026595744680851064,
      0.026737967914438502,
      0.026881720430107527,
      0.02702702702702703,
      0.02717391304347826,
      0.0273224043715847,
      0.027472527472527472,
      0.022099447513812154,
      0.022222222222222223,
      0.0223463687150838,
      0.016853932584269662,
      0.01694915254237288,
      0.017045454545454544,
      0.017142857142857144,
      0.017241379310344827,
      0.017341040462427744,
      0.01744186046511628,
      0.017543859649122806,
      0.01764705882352941,
      0.01775147928994083,
      0.017857142857142856,
      0.017964071856287425,
      0.018072289156626505,
      0.01818181818181818,
      0.018292682926829267,
      0.018404907975460124,
      0.018518518518518517,
      0.018633540372670808,
      0.01875,
      0.018867924528301886,
      0.0189873417721519,
      0.01910828025477707,
      0.019230769230769232,
      0.01935483870967742,
      0.01948051948051948,
      0.0196078431372549,
      0.019736842105263157,
      0.019867549668874173,
      0.02,
      0.020134228187919462,
      0.02027027027027027,
      0.02040816326530612,
      0.02054794520547945,
      0.020689655172413793,
      0.020833333333333332,
      0.02097902097902098,
      0.02112676056338028,
      0.02127659574468085,
      0.02142857142857143,
      0.02158273381294964,
      0.021739130434782608,
      0.021897810218978103,
      0.022058823529411766,
      0.022222222222222223,
      0.022388059701492536,
      0.022556390977443608,
      0.022727272727272728,
      0.022900763358778626,
      0.023076923076923078,
      0.023255813953488372,
      0.0234375,
      0.023622047244094488,
      0.023809523809523808,
      0.024,
      0.024193548387096774,
      0.024390243902439025,
      0.02459016393442623,
      0.024793388429752067,
      0.025,
      0.025210084033613446,
      0.025423728813559324,
      0.02564102564102564,
      0.02586206896551724,
      0.02608695652173913,
      0.02631578947368421,
      0.02654867256637168,
      0.026785714285714284,
      0.02702702702702703,
      0.02727272727272727,
      0.027522935779816515,
      0.027777777777777776,
      0.028037383177570093,
      0.02830188679245283,
      0.02857142857142857,
      0.028846153846153848,
      0.02912621359223301,
      0.029411764705882353,
      0.0297029702970297,
      0.03,
      0.030303030303030304,
      0.030612244897959183,
      0.030927835051546393,
      0.03125,
      0.031578947368421054,
      0.031914893617021274,
      0.03225806451612903,
      0.03260869565217391,
      0.03296703296703297,
      0.03333333333333333,
      0.033707865168539325,
      0.03409090909090909,
      0.034482758620689655,
      0.03488372093023256,
      0.03529411764705882,
      0.03571428571428571,
      0.03614457831325301,
      0.036585365853658534,
      0.037037037037037035,
      0.0375,
      0.0379746835443038,
      0.038461538461538464,
      0.03896103896103896,
      0.039473684210526314,
      0.04,
      0.04054054054054054,
      0.0410958904109589,
      0.041666666666666664,
      0.04225352112676056,
      0.04285714285714286,
      0.043478260869565216,
      0.04411764705882353,
      0.04477611940298507,
      0.045454545454545456,
      0.046153846153846156,
      0.046875,
      0.047619047619047616,
      0.04838709677419355,
      0.04918032786885246,
      0.05,
      0.05084745762711865,
      0.05172413793103448,
      0.05263157894736842,
      0.05357142857142857,
      0.03636363636363636,
      0.037037037037037035,
      0.03773584905660377,
      0.038461538461538464,
      0.0392156862745098,
      0.04,
      0.04081632653061224,
      0.041666666666666664,
      0.0425531914893617,
      0.043478260869565216,
      0.044444444444444446,
      0.045454545454545456,
      0.046511627906976744,
      0.047619047619047616,
      0.04878048780487805,
      0.05,
      0.05128205128205128,
      0.05263157894736842,
      0.05405405405405406,
      0.05555555555555555,
      0.05714285714285714,
      0.058823529411764705,
      0.06060606060606061,
      0.0625,
      0.06451612903225806,
      0.06666666666666667,
      0.06896551724137931,
      0.07142857142857142,
      0.07407407407407407,
      0.07692307692307693,
      0.08,
      0.08333333333333333,
      0.08695652173913043,
      0.045454545454545456,
      0.047619047619047616,
      0.05,
      0.05263157894736842,
      0.05555555555555555,
      0.058823529411764705,
      0.0625,
      0.06666666666666667,
      0.07142857142857142,
      0.07692307692307693,
      0.08333333333333333,
      0.09090909090909091,
      0.1,
      0.1111111111111111,
      0.125,
      0.0,
      0.0,
      0.0,
      0.0,
      0.0,
      0.0,
      0.0,
      1.0
    ],