{
  "config_path": "/Users/svenhockers/Desktop/project/topology-and-robustness-in-DNNs/out/tabular/base_e_0.2/configs/trials/trial_000008.json",
  "dataset_name": "TABULAR",
  "metrics_adv": {
    "accuracy": 0.7258064516129032,
    "confusion_matrix": [
      [
        88,
        22
      ],
      [
        12,
        2
      ]
    ],
    "f1": 0.10526315789473685,
    "fpr": [
      0.0,
      0.00909090909090909,
      0.05454545454545454,
      0.05454545454545454,
      0.14545454545454545,
      0.14545454545454545,
      0.20909090909090908,
      0.20909090909090908,
      0.22727272727272727,
      0.22727272727272727,
      0.2818181818181818,
      0.2818181818181818,
      0.45454545454545453,
      0.45454545454545453,
      0.4636363636363636,
      0.4636363636363636,
      0.5909090909090909,
      0.5909090909090909,
      0.7090909090909091,
      0.7090909090909091,
      0.7818181818181819,
      0.7818181818181819,
      0.8090909090909091,
      0.8090909090909091,
      0.8909090909090909,
      0.8909090909090909,
      0.9545454545454546,
      0.9545454545454546,
      0.990909090909091,
      0.990909090909091,
      1.0
    ],
    "fpr_at_tpr95": 0.990909090909091,
    "pr_auc": 0.11673505910658062,
    "pr_precision": [
      0.11290322580645161,
      0.11382113821138211,
      0.10655737704918032,
      0.10743801652892562,
      0.10833333333333334,
      0.1092436974789916,
      0.11016949152542373,
      0.10256410256410256,
      0.10344827586206896,
      0.10434782608695652,
      0.10526315789473684,
      0.10619469026548672,
      0.10714285714285714,
      0.10810810810810811,
      0.10909090909090909,
      0.10091743119266056,
      0.10185185185185185,
      0.102803738317757,
      0.10377358490566038,
      0.10476190476190476,
      0.10576923076923077,
      0.10679611650485436,
      0.10784313725490197,
      0.10891089108910891,
      0.11,
      0.10101010101010101,
      0.10204081632653061,
      0.10309278350515463,
      0.10416666666666667,
      0.09473684210526316,
      0.09574468085106383,
      0.0967741935483871,
      0.09782608695652174,
      0.0989010989010989,
      0.1,
      0.10112359550561797,
      0.10227272727272728,
      0.10344827586206896,
      0.09302325581395349,
      0.09411764705882353,
      0.09523809523809523,
      0.0963855421686747,
      0.0975609756097561,
      0.09876543209876543,
      0.1,
      0.10126582278481013,
      0.10256410256410256,
      0.1038961038961039,
      0.10526315789473684,
      0.10666666666666667,
      0.10810810810810811,
      0.1095890410958904,
      0.09722222222222222,
      0.09859154929577464,
      0.1,
      0.10144927536231885,
      0.10294117647058823,
      0.1044776119402985,
      0.10606060606060606,
      0.1076923076923077,
      0.109375,
      0.1111111111111111,
      0.11290322580645161,
      0.11475409836065574,
      0.11666666666666667,
      0.11864406779661017,
      0.1206896551724138,
      0.10526315789473684,
      0.10714285714285714,
      0.09090909090909091,
      0.09259259259259259,
      0.09433962264150944,
      0.09615384615384616,
      0.09803921568627451,
      0.1,
      0.10204081632653061,
      0.10416666666666667,
      0.10638297872340426,
      0.10869565217391304,
      0.1111111111111111,
      0.11363636363636363,
      0.11627906976744186,
      0.11904761904761904,
      0.12195121951219512,
      0.125,
      0.1282051282051282,
      0.13157894736842105,
      0.13513513513513514,
      0.1388888888888889,
      0.11428571428571428,
      0.11764705882352941,
      0.12121212121212122,
      0.125,
      0.12903225806451613,
      0.13333333333333333,
      0.13793103448275862,
      0.10714285714285714,
      0.1111111111111111,
      0.11538461538461539,
      0.08,
      0.08333333333333333,
      0.08695652173913043,
      0.09090909090909091,
      0.09523809523809523,
      0.1,
      0.10526315789473684,
      0.1111111111111111,
      0.058823529411764705,
      0.0625,
      0.06666666666666667,
      0.07142857142857142,
      0.07692307692307693,
      0.08333333333333333,
      0.09090909090909091,
      0.1,
      0.1111111111111111,
      0.125,
      0.14285714285714285,
      0.0,
      0.0,
      0.0,
      0.0,
      0.0,
      0.0,
      1.0
    ],
    "pr_recall": [
      1.0,
      1.0,
      0.9285714285714286,
      0.9285714285714286,
      0.9285714285714286,
      0.9285714285714286,
      0.9285714285714286,
      0.8571428571428571,
      0.8571428571428571,
      0.8571428571428571,
      0.8571428571428571,
      0.8571428571428571,
      0.8571428571428571,
      0.8571428571428571,
      0.8571428571428571,
      0.7857142857142857,
      0.7857142857142857,
      0.7857142857142857,
      0.7857142857142857,
      0.7857142857142857,
      0.7857142857142857,
      0.7857142857142857,
      0.7857142857142857,
      0.7857142857142857,
      0.7857142857142857,
      0.7142857142857143,
      0.7142857142857143,
      0.7142857142857143,
      0.7142857142857143,
      0.6428571428571429,
      0.6428571428571429,
      0.6428571428571429,
      0.6428571428571429,
      0.6428571428571429,
      0.6428571428571429,
      0.6428571428571429,
      0.6428571428571429,
      0.6428571428571429,
      0.5714285714285714,
      0.5714285714285714,
      0.5714285714285714,
      0.5714285714285714,
      0.5714285714285714,
      0.5714285714285714,
      0.5714285714285714,
      0.5714285714285714,
      0.5714285714285714,
      0.5714285714285714,
      0.5714285714285714,
      0.5714285714285714,
      0.5714285714285714,
      0.5714285714285714,
      0.5,
      0.5,
      0.5,
      0.5,
      0.5,
      0.5,
      0.5,
      0.5,
      0.5,
      0.5,
      0.5,
      0.5,
      0.5,
      0.5,
      0.5,
      0.42857142857142855,
      0.42857142857142855,
      0.35714285714285715,
      0.35714285714285715,
      0.35714285714285715,
      0.35714285714285715,
      0.35714285714285715,
      0.35714285714285715,
      0.35714285714285715,
      0.35714285714285715,
      0.35714285714285715,
      0.35714285714285715,
      0.35714285714285715,
      0.35714285714285715,
      0.35714285714285715,
      0.35714285714285715,
      0.35714285714285715,
      0.35714285714285715,
      0.35714285714285715,
      0.35714285714285715,
      0.35714285714285715,
      0.35714285714285715,
      0.2857142857142857,
      0.2857142857142857,
      0.2857142857142857,
      0.2857142857142857,
      0.2857142857142857,
      0.2857142857142857,
      0.2857142857142857,
      0.21428571428571427,
      0.21428571428571427,
      0.21428571428571427,
      0.14285714285714285,
      0.14285714285714285,
      0.14285714285714285,
      0.14285714285714285,
      0.14285714285714285,
      0.14285714285714285,
      0.14285714285714285,
      0.14285714285714285,
      0.07142857142857142,
      0.07142857142857142,
      0.07142857142857142,
      0.07142857142857142,
      0.07142857142857142,
      0.07142857142857142,
      0.07142857142857142,
      0.07142857142857142,
      0.07142857142857142,
      0.07142857142857142,
      0.07142857142857142,
      0.0,
      0.0,
      0.0,
      0.0,
      0.0,
      0.0,
      0.0
    ],