{
  "config_path": "/Users/svenhockers/Desktop/project/topology-and-robustness-in-DNNs/out/tabular/baseline/base_e_0.3/configs/trials/trial_000012.json",
  "dataset_name": "TABULAR",
  "metrics_adv": {
    "accuracy": 0.7936507936507936,
    "confusion_matrix": [
      [
        92,
        18
      ],
      [
        8,
        8
      ]
    ],
    "f1": 0.380952380952381,
    "fpr": [
      0.0,
      0.0,
      0.00909090909090909,
      0.00909090909090909,
      0.02727272727272727,
      0.02727272727272727,
      0.06363636363636363,
      0.06363636363636363,
      0.22727272727272727,
      0.22727272727272727,
      0.5545454545454546,
      0.5545454545454546,
      0.5727272727272728,
      0.5727272727272728,
      0.6636363636363637,
      0.6636363636363637,
      0.9272727272727272,
      0.9272727272727272,
      0.9363636363636364,
      0.9363636363636364,
      0.9454545454545454,
      0.9454545454545454,
      1.0,
      1.0
    ],
    "fpr_at_tpr95": 1.0,
    "pr_auc": 0.45759927547248336,
    "pr_precision": [
      0.12698412698412698,
      0.12,
      0.12096774193548387,
      0.12195121951219512,
      0.12295081967213115,
      0.12396694214876033,
      0.125,
      0.12605042016806722,
      0.11864406779661017,
      0.11965811965811966,
      0.11206896551724138,
      0.11304347826086956,
      0.10526315789473684,
      0.10619469026548672,
      0.10714285714285714,
      0.10810810810810811,
      0.10909090909090909,
      0.11009174311926606,
      0.1111111111111111,
      0.11214953271028037,
      0.11320754716981132,
      0.11428571428571428,
      0.11538461538461539,
      0.11650485436893204,
      0.11764705882352941,
      0.1188118811881188,
      0.12,
      0.12121212121212122,
      0.12244897959183673,
      0.12371134020618557,
      0.125,
      0.12631578947368421,
      0.1276595744680851,
      0.12903225806451613,
      0.13043478260869565,
      0.13186813186813187,
      0.13333333333333333,
      0.1348314606741573,
      0.13636363636363635,
      0.13793103448275862,
      0.13953488372093023,
      0.1411764705882353,
      0.13095238095238096,
      0.13253012048192772,
      0.13414634146341464,
      0.13580246913580246,
      0.1375,
      0.13924050632911392,
      0.14102564102564102,
      0.14285714285714285,
      0.14473684210526316,
      0.14666666666666667,
      0.14864864864864866,
      0.136986301369863,
      0.1388888888888889,
      0.14084507042253522,
      0.12857142857142856,
      0.13043478260869565,
      0.1323529411764706,
      0.13432835820895522,
      0.13636363636363635,
      0.13846153846153847,
      0.140625,
      0.14285714285714285,
      0.14516129032258066,
      0.14754098360655737,
      0.15,
      0.15254237288135594,
      0.15517241379310345,
      0.15789473684210525,
      0.16071428571428573,
      0.16363636363636364,
      0.16666666666666666,
      0.16981132075471697,
      0.17307692307692307,
      0.17647058823529413,
      0.18,
      0.1836734693877551,
      0.1875,
      0.19148936170212766,
      0.1956521739130435,
      0.2,
      0.20454545454545456,
      0.20930232558139536,
      0.21428571428571427,
      0.21951219512195122,
      0.225,
      0.23076923076923078,
      0.23684210526315788,
      0.24324324324324326,
      0.25,
      0.2571428571428571,
      0.2647058823529412,
      0.24242424242424243,
      0.25,
      0.25806451612903225,
      0.26666666666666666,
      0.27586206896551724,
      0.2857142857142857,
      0.2962962962962963,
      0.3076923076923077,
      0.32,
      0.3333333333333333,
      0.34782608695652173,
      0.36363636363636365,
      0.38095238095238093,
      0.4,
      0.42105263157894735,
      0.4444444444444444,
      0.47058823529411764,
      0.5,
      0.5333333333333333,
      0.5,
      0.5384615384615384,
      0.5833333333333334,
      0.6363636363636364,
      0.7,
      0.6666666666666666,
      0.75,
      0.8571428571428571,
      0.8333333333333334,
      0.8,
      0.75,
      0.6666666666666666,
      0.5,
      1.0,
      1.0
    ],
    "pr_recall": [
      1.0,
      0.9375,
      0.9375,
      0.9375,
      0.9375,
      0.9375,
      0.9375,
      0.9375,
      0.875,
      0.875,
      0.8125,
      0.8125,
      0.75,
      0.75,
      0.75,
      0.75,
      0.75,
      0.75,
      0.75,
      0.75,
      0.75,
      0.75,
      0.75,
      0.75,
      0.75,
      0.75,
      0.75,
      0.75,
      0.75,
      0.75,
      0.75,
      0.75,
      0.75,
      0.75,
      0.75,
      0.75,
      0.75,
      0.75,
      0.75,
      0.75,
      0.75,
      0.75,
      0.6875,
      0.6875,
      0.6875,
      0.6875,
      0.6875,
      0.6875,
      0.6875,
      0.6875,
      0.6875,
      0.6875,
      0.6875,
      0.625,
      0.625,
      0.625,
      0.5625,
      0.5625,
      0.5625,
      0.5625,
      0.5625,
      0.5625,
      0.5625,
      0.5625,
      0.5625,
      0.5625,
      0.5625,
      0.5625,
      0.5625,
      0.5625,
      0.5625,
      0.5625,
      0.5625,
      0.5625,
      0.5625,
      0.5625,
      0.5625,
      0.5625,
      0.5625,
      0.5625,
      0.5625,
      0.5625,
      0.5625,
      0.5625,
      0.5625,
      0.5625,
      0.5625,
      0.5625,
      0.5625,
      0.5625,
      0.5625,
      0.5625,
      0.5625,
      0.5,
      0.5,
      0.5,
      0.5,
      0.5,
      0.5,
      0.5,
      0.5,
      0.5,
      0.5,
      0.5,
      0.5,
      0.5,
      0.5,
      0.5,
      0.5,
      0.5,
      0.5,
      0.5,
      0.4375,
      0.4375,
      0.4375,
      0.4375,
      0.4375,
      0.375,
      0.375,
      0.375,
      0.3125,
      0.25,
      0.1875,
      0.125,
      0.0625,
      0.0625,
      0.0
    ],