{
  "config_path": "/Users/svenhockers/Desktop/project/topology-and-robustness-in-DNNs/out/tabular/topology_only/base_e_0.3/configs/trials/trial_000008.json",
  "dataset_name": "TABULAR",
  "metrics_adv": {
    "accuracy": 0.7142857142857143,
    "confusion_matrix": [
      [
        88,
        22
      ],
      [
        14,
        2
      ]
    ],
    "f1": 0.1,
    "fpr": [
      0.0,
      0.00909090909090909,
      0.05454545454545454,
      0.05454545454545454,
      0.2,
      0.2,
      0.20909090909090908,
      0.20909090909090908,
      0.22727272727272727,
      0.22727272727272727,
      0.23636363636363636,
      0.23636363636363636,
      0.32727272727272727,
      0.32727272727272727,
      0.36363636363636365,
      0.36363636363636365,
      0.39090909090909093,
      0.39090909090909093,
      0.4,
      0.4,
      0.4636363636363636,
      0.4636363636363636,
      0.509090909090909,
      0.509090909090909,
      0.6090909090909091,
      0.6090909090909091,
      0.8636363636363636,
      0.8636363636363636,
      0.990909090909091,
      0.990909090909091,
      1.0,
      1.0
    ],
    "fpr_at_tpr95": 1.0,
    "pr_auc": 0.13877823300071093,
    "pr_precision": [
      0.12698412698412698,
      0.12,
      0.11290322580645161,
      0.11382113821138211,
      0.10655737704918032,
      0.10743801652892562,
      0.10833333333333334,
      0.1092436974789916,
      0.11016949152542373,
      0.1111111111111111,
      0.11206896551724138,
      0.11304347826086956,
      0.11403508771929824,
      0.11504424778761062,
      0.11607142857142858,
      0.11711711711711711,
      0.11818181818181818,
      0.11926605504587157,
      0.12037037037037036,
      0.11214953271028037,
      0.11320754716981132,
      0.11428571428571428,
      0.11538461538461539,
      0.11650485436893204,
      0.11764705882352941,
      0.1188118811881188,
      0.12,
      0.12121212121212122,
      0.12244897959183673,
      0.12371134020618557,
      0.125,
      0.12631578947368421,
      0.1276595744680851,
      0.12903225806451613,
      0.13043478260869565,
      0.13186813186813187,
      0.13333333333333333,
      0.1348314606741573,
      0.13636363636363635,
      0.13793103448275862,
      0.13953488372093023,
      0.1411764705882353,
      0.14285714285714285,
      0.14457831325301204,
      0.14634146341463414,
      0.14814814814814814,
      0.15,
      0.1518987341772152,
      0.14102564102564102,
      0.14285714285714285,
      0.14473684210526316,
      0.14666666666666667,
      0.14864864864864866,
      0.1506849315068493,
      0.1527777777777778,
      0.15492957746478872,
      0.15714285714285714,
      0.15942028985507245,
      0.16176470588235295,
      0.16417910447761194,
      0.15151515151515152,
      0.15384615384615385,
      0.15625,
      0.15873015873015872,
      0.16129032258064516,
      0.16393442622950818,
      0.15,
      0.15254237288135594,
      0.15517241379310345,
      0.15789473684210525,
      0.16071428571428573,
      0.16363636363636364,
      0.16666666666666666,
      0.16981132075471697,
      0.15384615384615385,
      0.1568627450980392,
      0.14,
      0.14285714285714285,
      0.14583333333333334,
      0.14893617021276595,
      0.13043478260869565,
      0.13333333333333333,
      0.13636363636363635,
      0.13953488372093023,
      0.14285714285714285,
      0.12195121951219512,
      0.125,
      0.1282051282051282,
      0.13157894736842105,
      0.13513513513513514,
      0.1388888888888889,
      0.14285714285714285,
      0.14705882352941177,
      0.15151515151515152,
      0.15625,
      0.16129032258064516,
      0.13333333333333333,
      0.13793103448275862,
      0.10714285714285714,
      0.1111111111111111,
      0.11538461538461539,
      0.08,
      0.08333333333333333,
      0.043478260869565216,
      0.045454545454545456,
      0.047619047619047616,
      0.05,
      0.05263157894736842,
      0.05555555555555555,
      0.058823529411764705,
      0.0625,
      0.06666666666666667,
      0.07142857142857142,
      0.07692307692307693,
      0.08333333333333333,
      0.09090909090909091,
      0.1,
      0.1111111111111111,
      0.125,
      0.14285714285714285,
      0.0,
      0.0,
      0.0,
      0.0,
      0.0,
      0.0,
      1.0
    ],
    "pr_recall": [
      1.0,
      0.9375,
      0.875,
      0.875,
      0.8125,
      0.8125,
      0.8125,
      0.8125,
      0.8125,
      0.8125,
      0.8125,
      0.8125,
      0.8125,
      0.8125,
      0.8125,
      0.8125,
      0.8125,
      0.8125,
      0.8125,
      0.75,
      0.75,
      0.75,
      0.75,
      0.75,
      0.75,
      0.75,
      0.75,
      0.75,
      0.75,
      0.75,
      0.75,
      0.75,
      0.75,
      0.75,
      0.75,
      0.75,
      0.75,
      0.75,
      0.75,
      0.75,
      0.75,
      0.75,
      0.75,
      0.75,
      0.75,
      0.75,
      0.75,
      0.75,
      0.6875,
      0.6875,
      0.6875,
      0.6875,
      0.6875,
      0.6875,
      0.6875,
      0.6875,
      0.6875,
      0.6875,
      0.6875,
      0.6875,
      0.625,
      0.625,
      0.625,
      0.625,
      0.625,
      0.625,
      0.5625,
      0.5625,
      0.5625,
      0.5625,
      0.5625,
      0.5625,
      0.5625,
      0.5625,
      0.5,
      0.5,
      0.4375,
      0.4375,
      0.4375,
      0.4375,
      0.375,
      0.375,
      0.375,
      0.375,
      0.375,
      0.3125,
      0.3125,
      0.3125,
      0.3125,
      0.3125,
      0.3125,
      0.3125,
      0.3125,
      0.3125,
      0.3125,
      0.3125,
      0.25,
      0.25,
      0.1875,
      0.1875,
      0.1875,
      0.125,
      0.125,
      0.0625,
      0.0625,
      0.0625,
      0.0625,
      0.0625,
      0.0625,
      0.0625,
      0.0625,
      0.0625,
      0.0625,
      0.0625,
      0.0625,
      0.0625,
      0.0625,
      0.0625,
      0.0625,
      0.0625,
      0.0,
      0.0,
      0.0,
      0.0,
      0.0,
      0.0,
      0.0
    ],