{
  "config_path": "/Users/svenhockers/Desktop/project/topology-and-robustness-in-DNNs/out/tabular/baseline/base_e_0.2/configs/trials/trial_000003.json",
  "dataset_name": "TABULAR",
  "metrics_adv": {
    "accuracy": 0.782258064516129,
    "confusion_matrix": [
      [
        93,
        17
      ],
      [
        10,
        4
      ]
    ],
    "f1": 0.22857142857142854,
    "fpr": [
      0.0,
      0.00909090909090909,
      0.05454545454545454,
      0.05454545454545454,
      0.06363636363636363,
      0.06363636363636363,
      0.14545454545454545,
      0.14545454545454545,
      0.18181818181818182,
      0.18181818181818182,
      0.19090909090909092,
      0.19090909090909092,
      0.2,
      0.2,
      0.22727272727272727,
      0.22727272727272727,
      0.3181818181818182,
      0.3181818181818182,
      0.42727272727272725,
      0.42727272727272725,
      0.43636363636363634,
      0.43636363636363634,
      0.5454545454545454,
      0.5454545454545454,
      0.7454545454545455,
      0.7454545454545455,
      1.0
    ],
    "fpr_at_tpr95": 0.7454545454545455,
    "pr_auc": 0.20399213133086008,
    "pr_precision": [
      0.11290322580645161,
      0.11382113821138211,
      0.11475409836065574,
      0.11570247933884298,
      0.11666666666666667,
      0.11764705882352941,
      0.11864406779661017,
      0.11965811965811966,
      0.1206896551724138,
      0.12173913043478261,
      0.12280701754385964,
      0.12389380530973451,
      0.125,
      0.12612612612612611,
      0.12727272727272726,
      0.12844036697247707,
      0.12962962962962962,
      0.1308411214953271,
      0.1320754716981132,
      0.13333333333333333,
      0.1346153846153846,
      0.13592233009708737,
      0.13725490196078433,
      0.13861386138613863,
      0.14,
      0.1414141414141414,
      0.14285714285714285,
      0.14432989690721648,
      0.14583333333333334,
      0.1368421052631579,
      0.13829787234042554,
      0.13978494623655913,
      0.14130434782608695,
      0.14285714285714285,
      0.14444444444444443,
      0.14606741573033707,
      0.14772727272727273,
      0.14942528735632185,
      0.1511627906976744,
      0.15294117647058825,
      0.15476190476190477,
      0.1566265060240964,
      0.15853658536585366,
      0.16049382716049382,
      0.1625,
      0.16455696202531644,
      0.16666666666666666,
      0.16883116883116883,
      0.17105263157894737,
      0.17333333333333334,
      0.17567567567567569,
      0.1780821917808219,
      0.16666666666666666,
      0.15492957746478872,
      0.15714285714285714,
      0.15942028985507245,
      0.16176470588235295,
      0.16417910447761194,
      0.16666666666666666,
      0.16923076923076924,
      0.171875,
      0.1746031746031746,
      0.1774193548387097,
      0.18032786885245902,
      0.18333333333333332,
      0.1864406779661017,
      0.1724137931034483,
      0.17543859649122806,
      0.16071428571428573,
      0.16363636363636364,
      0.16666666666666666,
      0.16981132075471697,
      0.17307692307692307,
      0.17647058823529413,
      0.18,
      0.1836734693877551,
      0.1875,
      0.19148936170212766,
      0.1956521739130435,
      0.2,
      0.20454545454545456,
      0.18604651162790697,
      0.19047619047619047,
      0.1951219512195122,
      0.2,
      0.20512820512820512,
      0.21052631578947367,
      0.21621621621621623,
      0.2222222222222222,
      0.22857142857142856,
      0.23529411764705882,
      0.24242424242424243,
      0.21875,
      0.22580645161290322,
      0.23333333333333334,
      0.2413793103448276,
      0.21428571428571427,
      0.2222222222222222,
      0.19230769230769232,
      0.2,
      0.16666666666666666,
      0.17391304347826086,
      0.18181818181818182,
      0.19047619047619047,
      0.2,
      0.15789473684210525,
      0.16666666666666666,
      0.17647058823529413,
      0.1875,
      0.2,
      0.21428571428571427,
      0.23076923076923078,
      0.25,
      0.2727272727272727,
      0.3,
      0.2222222222222222,
      0.25,
      0.14285714285714285,
      0.0,
      0.0,
      0.0,
      0.0,
      0.0,
      0.0,
      1.0
    ],
    "pr_recall": [
      1.0,
      1.0,
      1.0,
      1.0,
      1.0,
      1.0,
      1.0,
      1.0,
      1.0,
      1.0,
      1.0,
      1.0,
      1.0,
      1.0,
      1.0,
      1.0,
      1.0,
      1.0,
      1.0,
      1.0,
      1.0,
      1.0,
      1.0,
      1.0,
      1.0,
      1.0,
      1.0,
      1.0,
      1.0,
      0.9285714285714286,
      0.9285714285714286,
      0.9285714285714286,
      0.9285714285714286,
      0.9285714285714286,
      0.9285714285714286,
      0.9285714285714286,
      0.9285714285714286,
      0.9285714285714286,
      0.9285714285714286,
      0.9285714285714286,
      0.9285714285714286,
      0.9285714285714286,
      0.9285714285714286,
      0.9285714285714286,
      0.9285714285714286,
      0.9285714285714286,
      0.9285714285714286,
      0.9285714285714286,
      0.9285714285714286,
      0.9285714285714286,
      0.9285714285714286,
      0.9285714285714286,
      0.8571428571428571,
      0.7857142857142857,
      0.7857142857142857,
      0.7857142857142857,
      0.7857142857142857,
      0.7857142857142857,
      0.7857142857142857,
      0.7857142857142857,
      0.7857142857142857,
      0.7857142857142857,
      0.7857142857142857,
      0.7857142857142857,
      0.7857142857142857,
      0.7857142857142857,
      0.7142857142857143,
      0.7142857142857143,
      0.6428571428571429,
      0.6428571428571429,
      0.6428571428571429,
      0.6428571428571429,
      0.6428571428571429,
      0.6428571428571429,
      0.6428571428571429,
      0.6428571428571429,
      0.6428571428571429,
      0.6428571428571429,
      0.6428571428571429,
      0.6428571428571429,
      0.6428571428571429,
      0.5714285714285714,
      0.5714285714285714,
      0.5714285714285714,
      0.5714285714285714,
      0.5714285714285714,
      0.5714285714285714,
      0.5714285714285714,
      0.5714285714285714,
      0.5714285714285714,
      0.5714285714285714,
      0.5714285714285714,
      0.5,
      0.5,
      0.5,
      0.5,
      0.42857142857142855,
      0.42857142857142855,
      0.35714285714285715,
      0.35714285714285715,
      0.2857142857142857,
      0.2857142857142857,
      0.2857142857142857,
      0.2857142857142857,
      0.2857142857142857,
      0.21428571428571427,
      0.21428571428571427,
      0.21428571428571427,
      0.21428571428571427,
      0.21428571428571427,
      0.21428571428571427,
      0.21428571428571427,
      0.21428571428571427,
      0.21428571428571427,
      0.21428571428571427,
      0.14285714285714285,
      0.14285714285714285,
      0.07142857142857142,
      0.0,
      0.0,
      0.0,
      0.0,
      0.0,
      0.0,
      0.0
    ],