{
  "mean_eps_star_linf": 0.49046266233766234,
  "mean_eps_star_l2": 0.7350492931547619,
  "ra_curves": {
    "linf": [
      1.0,
      1.0,
      1.0,
      1.0,
      1.0,
      0.65,
      0.35833333333333334
    ],
    "l2": [
      1.0,
      1.0,
      1.0,
      1.0,
      1.0,
      1.0,
      0.65
    ]
  },
  "per_class": {},
  "layerwise_avg": {},
  "correlations": {}
}